id,name,slug,type,status,description,short_description,sku,price,sale_price,stock_quantity,stock_status,manage_stock,weight,length,width,height,tax_class,shipping_class,featured,sold_individually,min_purchase_quantity,max_purchase_quantity,backorders,catalog_visibility,categories,tags,brands,image_url,gallery_image_urls,variation_parent_sku,variation_attributes,bundled_items_json,grouped_children_skus,upsell_skus,cross_sell_skus,related_skus,downloadable_files_json,external_url,external_button_text
,"Pulse Pro 14"" Laptop Series 0001",pulse-pro-14-laptop-series-0001,physical,publish,"Crafted with care, 15.6-inch 2.5K display with 100% DCI-P3 colour coverage and 400-nit brightness. 8GB LPDDR5X memory, 128GB NVMe SSD, and a Nimbus N7 mobile chip. Thunderbolt 4, Wi-Fi 7, an HD IR webcam with hardware shutter, and up to 12 hours on a charge in a sub-1.5kg machined-aluminium chassis. Backed by a two-year warranty.","15.6"" 2.5K ultrabook with Nimbus N7 and 8GB RAM.",TJC-PC-LP-00001,1018.67,792.19,115,instock,1,1.32,32,22,1.6,,fragile,,,1,,,visible,"Electronics, Computing","laptop, computer, ultrabook",Quark Devices,https://loremflickr.com/1200/1200/laptop%2Ccomputer?lock=700001,https://picsum.photos/seed/tjc-pc-lp-00001-g1/1200/1200.jpg|https://picsum.photos/seed/tjc-pc-lp-00001-g2/1200/1200.jpg|https://picsum.photos/seed/tjc-pc-lp-00001-g3/1200/1200.jpg,,,,,,,,,,
,Stride Pro Foam Roller Mark III Model 0002,stride-pro-foam-roller-mark-iii-model-0002,physical,publish,"Designed to last, 4kg cast iron with a powder-coated finish and a soft-grip handle. Built to take a beating in a home gym; backed by a lifetime warranty. Designed in-house and made to last.","Studio-grade home-gym essential, lifetime warranty.",TJC-FIT-00002,133.22,93.78,208,instock,1,5.04,60,40,10,,,1,,1,,,visible,"Sports, Fitness","fitness, gym, strength",Veloce Sports,https://loremflickr.com/1200/1200/fitness%2Cgym%2Cequipment?lock=700002,https://picsum.photos/seed/tjc-fit-00002-g1/1200/1200.jpg|https://picsum.photos/seed/tjc-fit-00002-g2/1200/1200.jpg|https://picsum.photos/seed/tjc-fit-00002-g3/1200/1200.jpg|https://picsum.photos/seed/tjc-fit-00002-g4/1200/1200.jpg|https://picsum.photos/seed/tjc-fit-00002-g5/1200/1200.jpg,,,,,,,,,,
,Birchgrove Heritage Linen Sheet Set Ref. 00003,birchgrove-heritage-linen-sheet-set-ref-00003,physical,publish,"Engineered for daily use, OEKO-TEX certified 300-thread-count long-staple cotton with mitred hems and oversized envelope corners. Pre-washed for an instant lived-in feel and improved softness wash after wash. Backed by a two-year warranty.",300-TC OEKO-TEX certified long-staple cotton sheets.,TJC-BED-00003,396.49,,131,instock,1,2.78,35,30,12,,,,,1,,,visible,"Home & Kitchen, Bedding","bedding, sheets, home",Heritage Home,https://loremflickr.com/1200/1200/bedding%2Clinen%2Csheets?lock=700003,https://picsum.photos/seed/tjc-bed-00003-g1/1200/1200.jpg|https://picsum.photos/seed/tjc-bed-00003-g2/1200/1200.jpg|https://picsum.photos/seed/tjc-bed-00003-g3/1200/1200.jpg|https://picsum.photos/seed/tjc-bed-00003-g4/1200/1200.jpg|https://picsum.photos/seed/tjc-bed-00003-g5/1200/1200.jpg,,,,,,,,,,
,Verdant Apothecary Eau de Parfum Fresh Linen EDT 100ml Mk 0004,verdant-apothecary-eau-de-parfum-fresh-linen-edt-100ml-mk-0004,physical,publish,"Designed to last, Hand-blended in small batches by master perfumers in Grasse. Long-lasting projection from a sustainably-sourced base, with no synthetic musks or phthalates. 30-day no-questions returns.",Hand-blended small-batch parfum from Grasse.,TJC-FRG-00004,89.66,,227,instock,1,0.48,7,7,12,,fragile,,,1,,,visible,"Beauty, Fragrance","fragrance, perfume, beauty",Verdant Apothecary,https://loremflickr.com/1200/1200/perfume%2Cfragrance?lock=700004,https://picsum.photos/seed/tjc-frg-00004-g1/1200/1200.jpg|https://picsum.photos/seed/tjc-frg-00004-g2/1200/1200.jpg,,,,,,,,,,
,Maple Bear Heirloom Wooden Puzzle (24 pcs) № 0005,maple-bear-heirloom-wooden-puzzle-24-pcs-no-0005,physical,publish,"Engineered for daily use, FSC-certified solid-beech blocks finished with non-toxic water-based stains and beeswax polish. 60 pieces in a cotton drawstring bag; tested to EN71 and CPSIA. Free carbon-neutral shipping over $50.",FSC beech blocks finished with non-toxic stains.,TJC-TKD-00005,141.38,103.38,179,instock,1,0.62,35,25,12,,,,,1,,,visible,"Toys, Kids","toys, kids, wooden",Sunbeam Play,https://loremflickr.com/1200/1200/kids%2Ctoy%2Cwooden?lock=700005,https://picsum.photos/seed/tjc-tkd-00005-g1/1200/1200.jpg|https://picsum.photos/seed/tjc-tkd-00005-g2/1200/1200.jpg|https://picsum.photos/seed/tjc-tkd-00005-g3/1200/1200.jpg|https://picsum.photos/seed/tjc-tkd-00005-g4/1200/1200.jpg|https://picsum.photos/seed/tjc-tkd-00005-g5/1200/1200.jpg,,,,,,,,,,
,Ochre & Pine Pro Linen Canvas (40×50cm) Plus S-0006,ochre-and-pine-pro-linen-canvas-40-50cm-plus-s-0006,physical,publish,"Engineered for daily use, Professional-grade lightfast pigments in a portable tin with a thumb-ring, a mixing palette, and a sable travel brush. ASTM I lightfast rating across the full range. Free carbon-neutral shipping over $50.",Lightfast ASTM I pigments in a travel tin.,TJC-ART-00006,52.88,,208,instock,1,1.48,30,22,5,,,,,1,,,visible,Art & Crafts,"art, craft, painting, supplies",Atelier Maple,https://loremflickr.com/1200/1200/art%2Csupplies%2Ccraft%2Cpainting?lock=700006,https://picsum.photos/seed/tjc-art-00006-g1/1200/1200.jpg|https://picsum.photos/seed/tjc-art-00006-g2/1200/1200.jpg|https://picsum.photos/seed/tjc-art-00006-g3/1200/1200.jpg|https://picsum.photos/seed/tjc-art-00006-g4/1200/1200.jpg|https://picsum.photos/seed/tjc-art-00006-g5/1200/1200.jpg,,,,,,,,,,
,Trailwise Run Trail Runners Series 0007,trailwise-run-trail-runners-series-0007,physical,publish,"Made for everyday performance, Energy-return foam midsole, a breathable engineered-mesh upper, and a rubber outsole tuned for wet-road grip. Reflective heel detailing and a recycled-plastic lace system. Free carbon-neutral shipping over $50.",Energy-return running shoes with breathable upper.,TJC-SHS-00007,315.64,217.3,88,instock,1,0.73,32,22,13,,,,,1,,,visible,"Clothing, Shoes","shoes, sneakers, running",Apex Footwear,https://loremflickr.com/1200/1200/shoes%2Csneakers?lock=700007,https://picsum.photos/seed/tjc-shs-00007-g1/1200/1200.jpg|https://picsum.photos/seed/tjc-shs-00007-g2/1200/1200.jpg|https://picsum.photos/seed/tjc-shs-00007-g3/1200/1200.jpg,,,,,,,,,,
,Nimbus Pulse Bluetooth Speaker Air Model 0008,nimbus-pulse-bluetooth-speaker-air-model-0008,physical,publish,"Crafted with care, 113dB room-filling sound from a passive-radiator design with a tuned bass port. Bluetooth 5.3, Wi-Fi multi-room streaming, and a 16-hour battery. IP67 dust and water rating means it goes from kitchen to poolside without a second thought. Backed by a two-year warranty.",Portable 113dB Bluetooth speaker with 16h playback.,TJC-AUD-SP-00008,369.94,273.97,123,instock,1,1.9,22,12,14,,,,,1,,,visible,"Electronics, Audio","speaker, bluetooth, portable, audio",Pulse Audio,https://loremflickr.com/1200/1200/bluetooth%2Cspeaker?lock=700008,https://picsum.photos/seed/tjc-aud-sp-00008-g1/1200/1200.jpg|https://picsum.photos/seed/tjc-aud-sp-00008-g2/1200/1200.jpg|https://picsum.photos/seed/tjc-aud-sp-00008-g3/1200/1200.jpg,,,,,,,,,,
,Lumin Coastal 400-TC Cotton Sheet Set Ref. 00009,lumin-coastal-400-tc-cotton-sheet-set-ref-00009,physical,publish,"Designed to last, OEKO-TEX certified 300-thread-count long-staple cotton with mitred hems and oversized envelope corners. Pre-washed for an instant lived-in feel and improved softness wash after wash. Backed by a two-year warranty.",300-TC OEKO-TEX certified long-staple cotton sheets.,TJC-BED-00009,211.5,179.5,60,instock,1,2.73,35,30,12,,,,,1,,,visible,"Home & Kitchen, Bedding","bedding, sheets, home",Stoneward Kitchen,https://loremflickr.com/1200/1200/bedding%2Clinen%2Csheets?lock=700009,https://picsum.photos/seed/tjc-bed-00009-g1/1200/1200.jpg|https://picsum.photos/seed/tjc-bed-00009-g2/1200/1200.jpg|https://picsum.photos/seed/tjc-bed-00009-g3/1200/1200.jpg|https://picsum.photos/seed/tjc-bed-00009-g4/1200/1200.jpg|https://picsum.photos/seed/tjc-bed-00009-g5/1200/1200.jpg,,,,,,,,,,
,Sunbeam Play Heirloom Magnetic Tiles 100 pcs Plus Mk 0010,sunbeam-play-heirloom-magnetic-tiles-100-pcs-plus-mk-0010,physical,publish,"Made for everyday performance, FSC-certified solid-beech blocks finished with non-toxic water-based stains and beeswax polish. 60 pieces in a cotton drawstring bag; tested to EN71 and CPSIA. Independently lab-tested for safety and durability.",FSC beech blocks finished with non-toxic stains.,TJC-TKD-00010,100.44,,250,instock,1,2.17,35,25,12,,,,,1,,notify,visible,"Toys, Kids","toys, kids, wooden",Little Atlas,https://loremflickr.com/1200/1200/kids%2Ctoy%2Cwooden?lock=700010,https://picsum.photos/seed/tjc-tkd-00010-g1/1200/1200.jpg|https://picsum.photos/seed/tjc-tkd-00010-g2/1200/1200.jpg|https://picsum.photos/seed/tjc-tkd-00010-g3/1200/1200.jpg,,,,,,,,,,
,Petalworks Heritage Indoor Watering Can 2L Series 3 № 0011,petalworks-heritage-indoor-watering-can-2l-series-3-no-0011,physical,publish,"Engineered for daily use, Healthy, nursery-grown indoor plant shipped in its 19cm grow pot. Includes a care card with light, watering and humidity guidance. Free carbon-neutral shipping over $50.",Nursery-grown indoor plant with care card.,TJC-GPL-00011,63.25,,230,instock,1,3.59,40,30,50,,,,,1,,notify,visible,"Garden, Plants","plants, garden, indoor",Greenroot,https://loremflickr.com/1200/1200/plant%2Cpot%2Chouseplant%2Cgarden?lock=700011,https://picsum.photos/seed/tjc-gpl-00011-g1/1200/1200.jpg|https://picsum.photos/seed/tjc-gpl-00011-g2/1200/1200.jpg|https://picsum.photos/seed/tjc-gpl-00011-g3/1200/1200.jpg|https://picsum.photos/seed/tjc-gpl-00011-g4/1200/1200.jpg,,,,,,,,,,
,Trailwise Boost Walking Shoes S-0012,trailwise-boost-walking-shoes-s-0012,physical,publish,"Built around what you actually use, Energy-return foam midsole, a breathable engineered-mesh upper, and a rubber outsole tuned for wet-road grip. Reflective heel detailing and a recycled-plastic lace system. Free carbon-neutral shipping over $50.",Energy-return running shoes with breathable upper.,TJC-SHS-00012,298.18,,69,instock,1,1.15,32,22,13,,,,,1,,,visible,"Clothing, Shoes","shoes, sneakers, running",Veloce,https://loremflickr.com/1200/1200/shoes%2Csneakers?lock=700012,https://picsum.photos/seed/tjc-shs-00012-g1/1200/1200.jpg|https://picsum.photos/seed/tjc-shs-00012-g2/1200/1200.jpg|https://picsum.photos/seed/tjc-shs-00012-g3/1200/1200.jpg,,,,,,,,,,
,"Aurora Cinema 65"" 4K OLED TV Studio Series 0013",aurora-cinema-65-4k-oled-tv-studio-series-0013,physical,publish,"Crafted with care, QLED panel with full-array local dimming and a 120Hz native refresh rate. Dolby Vision IQ, Dolby Atmos through a 2.1.2 down-firing speaker array, HDMI 2.1 with VRR and ALLM on all four ports, and Wi-Fi 6E for cable-free streaming. Backed by a two-year warranty.",Premium 4K QLED TV with Dolby Vision IQ and 120Hz panel.,TJC-TVS-00013,2546.42,,74,instock,1,13.25,145,90,7,,bulky,,,1,,,visible,"Electronics, TVs","tv, 4k, smart-tv, dolby-vision",Nimbus,https://loremflickr.com/1200/1200/television%2Ctv?lock=700013,https://picsum.photos/seed/tjc-tvs-00013-g1/1200/1200.jpg|https://picsum.photos/seed/tjc-tvs-00013-g2/1200/1200.jpg|https://picsum.photos/seed/tjc-tvs-00013-g3/1200/1200.jpg|https://picsum.photos/seed/tjc-tvs-00013-g4/1200/1200.jpg|https://picsum.photos/seed/tjc-tvs-00013-g5/1200/1200.jpg,,,,,,,,,,
,Verdant Pantry Heritage Manuka Honey 250g Model 0014,verdant-pantry-heritage-manuka-honey-250g-model-0014,physical,publish,"Crafted with care, Cold-pressed extra-virgin olive oil from a single estate in Puglia. Harvested October, milled within 6 hours, and bottled in dark glass to preserve polyphenols. Independently lab-tested for safety and durability.",Cold-pressed single-estate Puglian EVOO.,TJC-PTR-00014,76.27,,47,instock,1,1.24,9,9,30,,,,,1,,notify,visible,"Food, Pantry","pantry, olive-oil, specialty, food",Borealis Beans,https://loremflickr.com/1200/1200/olive%2Coil%2Cpantry%2Cfood?lock=700014,https://picsum.photos/seed/tjc-ptr-00014-g1/1200/1200.jpg|https://picsum.photos/seed/tjc-ptr-00014-g2/1200/1200.jpg,,,,,,,,,,
,Wildcrest Pet Studio Plush Dog Toy Ref. 00015,wildcrest-pet-studio-plush-dog-toy-ref-00015,physical,publish,"Made for everyday performance, Padded ergonomic harness with two attachment points and a reflective trim. Adjustable across four chest sizes; the steel D-ring rated to 250kg pull-through. Free carbon-neutral shipping over $50.",Padded reflective harness with two leash points.,TJC-PTD-00015,122.72,,271,instock,1,3.23,50,30,12,,,,,1,,,visible,"Pets, Dogs","pets, dog, accessories",Companion Co.,https://loremflickr.com/1200/1200/dog%2Cpet%2Csupplies?lock=700015,https://picsum.photos/seed/tjc-ptd-00015-g1/1200/1200.jpg|https://picsum.photos/seed/tjc-ptd-00015-g2/1200/1200.jpg|https://picsum.photos/seed/tjc-ptd-00015-g3/1200/1200.jpg,,,,,,,,,,
,Wildcrest Pet Trail Interactive Feather Wand Mk 0016,wildcrest-pet-trail-interactive-feather-wand-mk-0016,physical,publish,"A studio-tested favourite, Four-tier cat tree built from FSC-certified pine with hand-wound sisal posts and plush platforms. Stable footprint; arrives in two pieces with M8 fixings. Independently lab-tested for safety and durability.",FSC pine cat tree with hand-wound sisal posts.,TJC-PTC-00016,142.83,,155,instock,1,3.81,60,40,20,,,,,1,,,visible,"Pets, Cats","pets, cat, accessories",Pawborough,https://loremflickr.com/1200/1200/cat%2Cpet%2Csupplies?lock=700016,https://picsum.photos/seed/tjc-ptc-00016-g1/1200/1200.jpg|https://picsum.photos/seed/tjc-ptc-00016-g2/1200/1200.jpg|https://picsum.photos/seed/tjc-ptc-00016-g3/1200/1200.jpg|https://picsum.photos/seed/tjc-ptc-00016-g4/1200/1200.jpg,,,,,,,,,,
,Stride Eco Bolster Cushion Edge № 0017,stride-eco-bolster-cushion-edge-no-0017,physical,publish,"Crafted with care, Closed-cell organic cotton construction repels sweat and bacteria — wipe clean with a damp cloth. 180×60cm rolled size fits both hot-yoga and floor-pilates studios; reversible textured surface gives extra grip in downward dog. Independently lab-tested for safety and durability.",Non-slip closed-cell yoga gear.,TJC-YOG-00017,55.2,,185,instock,1,2.6,180,60,5,,,,,1,,,visible,"Sports, Yoga","yoga, mat, fitness",Apex Outdoors,https://loremflickr.com/1200/1200/yoga%2Cmat%2Cfitness?lock=700017,https://picsum.photos/seed/tjc-yog-00017-g1/1200/1200.jpg|https://picsum.photos/seed/tjc-yog-00017-g2/1200/1200.jpg|https://picsum.photos/seed/tjc-yog-00017-g3/1200/1200.jpg|https://picsum.photos/seed/tjc-yog-00017-g4/1200/1200.jpg|https://picsum.photos/seed/tjc-yog-00017-g5/1200/1200.jpg,,,,,,,,,,
,Hearth Coastal Linen Duvet Cover 2026 Edition S-0018,hearth-coastal-linen-duvet-cover-2026-edition-s-0018,physical,publish,"Built around what you actually use, OEKO-TEX certified 500-thread-count long-staple cotton with mitred hems and oversized envelope corners. Pre-washed for an instant lived-in feel and improved softness wash after wash. Independently lab-tested for safety and durability.",500-TC OEKO-TEX certified long-staple cotton sheets.,TJC-BED-00018,252.31,225.27,115,instock,1,2.77,35,30,12,,,,,1,,,visible,"Home & Kitchen, Bedding","bedding, sheets, home",Lumin Interiors,https://loremflickr.com/1200/1200/bedding%2Clinen%2Csheets?lock=700018,https://picsum.photos/seed/tjc-bed-00018-g1/1200/1200.jpg|https://picsum.photos/seed/tjc-bed-00018-g2/1200/1200.jpg|https://picsum.photos/seed/tjc-bed-00018-g3/1200/1200.jpg|https://picsum.photos/seed/tjc-bed-00018-g4/1200/1200.jpg|https://picsum.photos/seed/tjc-bed-00018-g5/1200/1200.jpg,,,,,,,,,,
,Cloudling Trail Wooden Crib Limited Edition Series 0019,cloudling-trail-wooden-crib-limited-edition-series-0019,physical,publish,"Crafted with care, JPMA-certified, machine-washable fabrics, and a one-hand fold that fits in any car boot. Front-facing and parent-facing seat options for ages 6 months to 4 years. Independently lab-tested for safety and durability.",JPMA-certified stroller with one-hand fold.,TJC-BBY-00019,647.2,,50,instock,1,3.44,70,40,30,,bulky,,,1,,,visible,Baby & Kids,"baby, kids, nursery",Cloudling,https://loremflickr.com/1200/1200/baby%2Ckids%2Cnursery?lock=700019,https://picsum.photos/seed/tjc-bby-00019-g1/1200/1200.jpg|https://picsum.photos/seed/tjc-bby-00019-g2/1200/1200.jpg|https://picsum.photos/seed/tjc-bby-00019-g3/1200/1200.jpg|https://picsum.photos/seed/tjc-bby-00019-g4/1200/1200.jpg,,,,,,,,,,
,Coastline Trail Down Puffer Model 0020,coastline-trail-down-puffer-model-0020,physical,publish,"Designed to last, Three-layer waterproof shell rated to 20,000mm with fully taped seams and a YKK AquaGuard front zip. Adjustable storm hood, packs into its own pocket, and finishes at 510g in size M. Backed by a two-year warranty.",3-layer 20K mm waterproof shell with taped seams.,TJC-OWR-00020,227.93,,64,instock,1,1.94,36,28,4,,,,,1,,,visible,"Clothing, Outerwear","outerwear, jacket, waterproof",Atlas Studio,https://loremflickr.com/1200/1200/jacket%2Ccoat%2Couterwear?lock=700020,https://picsum.photos/seed/tjc-owr-00020-g1/1200/1200.jpg|https://picsum.photos/seed/tjc-owr-00020-g2/1200/1200.jpg|https://picsum.photos/seed/tjc-owr-00020-g3/1200/1200.jpg|https://picsum.photos/seed/tjc-owr-00020-g4/1200/1200.jpg,,,,,,,,,,
,Verdant Pantry Single-Estate Extra-Virgin Olive Oil 500ml Ref. 00021,verdant-pantry-single-estate-extra-virgin-olive-oil-500ml-ref-00021,physical,publish,"Engineered for daily use, Cold-pressed extra-virgin olive oil from a single estate in Puglia. Harvested October, milled within 6 hours, and bottled in dark glass to preserve polyphenols. Independently lab-tested for safety and durability.",Cold-pressed single-estate Puglian EVOO.,TJC-PTR-00021,83.07,72.95,42,instock,1,0.84,9,9,30,,,,,1,,,visible,"Food, Pantry","pantry, olive-oil, specialty, food",Hearthstone Roasters,https://loremflickr.com/1200/1200/olive%2Coil%2Cpantry%2Cfood?lock=700021,https://picsum.photos/seed/tjc-ptr-00021-g1/1200/1200.jpg|https://picsum.photos/seed/tjc-ptr-00021-g2/1200/1200.jpg|https://picsum.photos/seed/tjc-ptr-00021-g3/1200/1200.jpg|https://picsum.photos/seed/tjc-ptr-00021-g4/1200/1200.jpg,,,,,,,,,,
,Heritage Polo Shirt Mk 0022,heritage-polo-shirt-mk-0022,physical,publish,"A studio-tested favourite, modal jersey in a tailored fit cut with reinforced shoulder seams and a soft-washed finish. Pre-shrunk for size accuracy after the first wash; tailored neckline keeps its shape over time. Backed by a two-year warranty.",modal jersey overshirt in a tailored fit.,TJC-MNT-00022,144.37,102.11,227,instock,1,0.4,28,22,2,,,,,1,,,visible,"Clothing, Men","mens, apparel, top",Meridian Wear,https://loremflickr.com/1200/1200/mens%2Ct-shirt%2Capparel?lock=700022,https://picsum.photos/seed/tjc-mnt-00022-g1/1200/1200.jpg|https://picsum.photos/seed/tjc-mnt-00022-g2/1200/1200.jpg|https://picsum.photos/seed/tjc-mnt-00022-g3/1200/1200.jpg|https://picsum.photos/seed/tjc-mnt-00022-g4/1200/1200.jpg|https://picsum.photos/seed/tjc-mnt-00022-g5/1200/1200.jpg,,,,,,,,,,
,Nova Max 5G Smartphone Studio № 0023,nova-max-5g-smartphone-studio-no-0023,physical,publish,"Built around what you actually use, 6.4-inch AMOLED display at 120Hz with always-on mode. 256GB on-board storage, 24GB RAM, and a triple-camera system: 32MP main, ultra-wide and 3× telephoto with optical image stabilisation. 5G mmWave + sub-6, Wi-Fi 7, and 5000mAh battery with 30W fast wired and 15W wireless charging. Designed in-house and made to last.",6.4-inch 120Hz 5G smartphone with triple camera.,TJC-PHN-00023,1129.38,,107,instock,1,0.2,16,7.6,0.85,,,,,1,,,visible,"Electronics, Smartphones","smartphone, 5g, android, phone",Pulse Electronics,https://loremflickr.com/1200/1200/smartphone?lock=700023,https://picsum.photos/seed/tjc-phn-00023-g1/1200/1200.jpg|https://picsum.photos/seed/tjc-phn-00023-g2/1200/1200.jpg|https://picsum.photos/seed/tjc-phn-00023-g3/1200/1200.jpg|https://picsum.photos/seed/tjc-phn-00023-g4/1200/1200.jpg,,,,,,,,,,
,Orbit Flex 5G Smartphone S-0024,orbit-flex-5g-smartphone-s-0024,physical,publish,"A studio-tested favourite, 6.1-inch AMOLED display at 120Hz with always-on mode. 128GB on-board storage, 8GB RAM, and a triple-camera system: 48MP main, ultra-wide and 3× telephoto with optical image stabilisation. 5G mmWave + sub-6, Wi-Fi 7, and 4500mAh battery with 100W fast wired and 15W wireless charging. Designed in-house and made to last.",6.1-inch 120Hz 5G smartphone with triple camera.,TJC-PHN-00024,986.94,,114,instock,1,0.21,16,7.6,0.85,,,,,1,,,visible,"Electronics, Smartphones","smartphone, 5g, android, phone",Pulse Electronics,https://loremflickr.com/1200/1200/smartphone?lock=700024,https://picsum.photos/seed/tjc-phn-00024-g1/1200/1200.jpg|https://picsum.photos/seed/tjc-phn-00024-g2/1200/1200.jpg|https://picsum.photos/seed/tjc-phn-00024-g3/1200/1200.jpg|https://picsum.photos/seed/tjc-phn-00024-g4/1200/1200.jpg|https://picsum.photos/seed/tjc-phn-00024-g5/1200/1200.jpg,,,,,,,,,,
,Stride Core Lifting Belt Series 0025,stride-core-lifting-belt-series-0025,physical,publish,"A studio-tested favourite, 16kg cast iron with a powder-coated finish and a soft-grip handle. Built to take a beating in a home gym; backed by a lifetime warranty. Backed by a two-year warranty.","Studio-grade home-gym essential, lifetime warranty.",TJC-FIT-00025,416.03,,0,outofstock,1,13.19,60,40,10,,,,,1,,,visible,"Sports, Fitness","fitness, gym, strength",Apex Outdoors,https://loremflickr.com/1200/1200/fitness%2Cgym%2Cequipment?lock=700025,https://picsum.photos/seed/tjc-fit-00025-g1/1200/1200.jpg|https://picsum.photos/seed/tjc-fit-00025-g2/1200/1200.jpg,,,,,,,,,,
,Tideline Reserve Aged Balsamic Vinegar 250ml Model 0026,tideline-reserve-aged-balsamic-vinegar-250ml-model-0026,physical,publish,"Crafted with care, Cold-pressed extra-virgin olive oil from a single estate in Puglia. Harvested October, milled within 6 hours, and bottled in dark glass to preserve polyphenols. Backed by a two-year warranty.",Cold-pressed single-estate Puglian EVOO.,TJC-PTR-00026,52.26,,24,instock,1,1.27,9,9,30,,,,,1,,,visible,"Food, Pantry","pantry, olive-oil, specialty, food",Borealis Beans,https://loremflickr.com/1200/1200/olive%2Coil%2Cpantry%2Cfood?lock=700026,https://picsum.photos/seed/tjc-ptr-00026-g1/1200/1200.jpg|https://picsum.photos/seed/tjc-ptr-00026-g2/1200/1200.jpg|https://picsum.photos/seed/tjc-ptr-00026-g3/1200/1200.jpg|https://picsum.photos/seed/tjc-ptr-00026-g4/1200/1200.jpg|https://picsum.photos/seed/tjc-ptr-00026-g5/1200/1200.jpg,,,,,,,,,,
,Tideline Heritage Single-Estate Saffron 1g Ref. 00027,tideline-heritage-single-estate-saffron-1g-ref-00027,physical,publish,"Engineered for daily use, Cold-pressed extra-virgin olive oil from a single estate in Puglia. Harvested October, milled within 6 hours, and bottled in dark glass to preserve polyphenols. Ships in 100% recyclable packaging.",Cold-pressed single-estate Puglian EVOO.,TJC-PTR-00027,12.18,,106,instock,1,1.18,9,9,30,,,,,1,,,visible,"Food, Pantry","pantry, olive-oil, specialty, food",Verdant Pantry,https://loremflickr.com/1200/1200/olive%2Coil%2Cpantry%2Cfood?lock=700027,https://picsum.photos/seed/tjc-ptr-00027-g1/1200/1200.jpg|https://picsum.photos/seed/tjc-ptr-00027-g2/1200/1200.jpg|https://picsum.photos/seed/tjc-ptr-00027-g3/1200/1200.jpg,,,,,,,,,,
,Pawborough Trail Cat Tree (4-Tier) Mk 0028,pawborough-trail-cat-tree-4-tier-mk-0028,physical,publish,"A studio-tested favourite, Four-tier cat tree built from FSC-certified pine with hand-wound sisal posts and plush platforms. Stable footprint; arrives in two pieces with M8 fixings. Backed by a two-year warranty.",FSC pine cat tree with hand-wound sisal posts.,TJC-PTC-00028,38.04,,189,instock,1,5.14,60,40,20,,,,,1,,,visible,"Pets, Cats","pets, cat, accessories",Pawborough,https://loremflickr.com/1200/1200/cat%2Cpet%2Csupplies?lock=700028,https://picsum.photos/seed/tjc-ptc-00028-g1/1200/1200.jpg|https://picsum.photos/seed/tjc-ptc-00028-g2/1200/1200.jpg|https://picsum.photos/seed/tjc-ptc-00028-g3/1200/1200.jpg|https://picsum.photos/seed/tjc-ptc-00028-g4/1200/1200.jpg|https://picsum.photos/seed/tjc-ptc-00028-g5/1200/1200.jpg,,,,,,,,,,
,Ochre & Pine Pro Drawing Pencil Set (12 Grades) № 0029,ochre-and-pine-pro-drawing-pencil-set-12-grades-no-0029,physical,publish,"Crafted with care, Professional-grade lightfast pigments in a portable tin with a thumb-ring, a mixing palette, and a sable travel brush. ASTM I lightfast rating across the full range. Backed by a two-year warranty.",Lightfast ASTM I pigments in a travel tin.,TJC-ART-00029,82.28,57.56,95,instock,1,1.56,30,22,5,,,,,1,,,visible,Art & Crafts,"art, craft, painting, supplies",Inkfield,https://loremflickr.com/1200/1200/art%2Csupplies%2Ccraft%2Cpainting?lock=700029,https://picsum.photos/seed/tjc-art-00029-g1/1200/1200.jpg|https://picsum.photos/seed/tjc-art-00029-g2/1200/1200.jpg|https://picsum.photos/seed/tjc-art-00029-g3/1200/1200.jpg|https://picsum.photos/seed/tjc-art-00029-g4/1200/1200.jpg|https://picsum.photos/seed/tjc-art-00029-g5/1200/1200.jpg,,,,,,,,,,
,Atlas Down Insulated Parka Anniversary S-0030,atlas-down-insulated-parka-anniversary-s-0030,physical,publish,"Crafted with care, Three-layer waterproof shell rated to 20,000mm with fully taped seams and a YKK AquaGuard front zip. Adjustable storm hood, packs into its own pocket, and finishes at 510g in size M. Free carbon-neutral shipping over $50.",3-layer 20K mm waterproof shell with taped seams.,TJC-OWR-00030,462.98,,180,instock,1,0.86,36,28,4,reduced-rate,,,,1,,,visible,"Clothing, Outerwear","outerwear, jacket, waterproof",Hearth & Thread,https://loremflickr.com/1200/1200/jacket%2Ccoat%2Couterwear?lock=700030,https://picsum.photos/seed/tjc-owr-00030-g1/1200/1200.jpg|https://picsum.photos/seed/tjc-owr-00030-g2/1200/1200.jpg,,,,,,,,,,
,Nimbus Full-Frame Mirrorless Camera Body Series 0031,nimbus-full-frame-mirrorless-camera-body-series-0031,physical,publish,"Designed to last, 24MP back-illuminated sensor with 5-axis in-body image stabilisation. 4K 24p video with 10-bit 4:2:2 internal recording, dual UHS-II SD slots, weather-sealed magnesium-alloy body, and a 3.0-inch vari-angle touchscreen. Independently lab-tested for safety and durability.",24MP mirrorless body with 4K 24p video and IBIS.,TJC-CAM-00031,864.98,,194,instock,1,0.72,14,10,8,,fragile,,,1,,notify,visible,"Electronics, Cameras","camera, mirrorless, photography",Nimbus,https://loremflickr.com/1200/1200/camera%2Cdslr%2Cmirrorless?lock=700031,https://picsum.photos/seed/tjc-cam-00031-g1/1200/1200.jpg|https://picsum.photos/seed/tjc-cam-00031-g2/1200/1200.jpg|https://picsum.photos/seed/tjc-cam-00031-g3/1200/1200.jpg|https://picsum.photos/seed/tjc-cam-00031-g4/1200/1200.jpg|https://picsum.photos/seed/tjc-cam-00031-g5/1200/1200.jpg,,,,,,,,,,
,"Halo Vision 75"" 4K Mini-LED TV Model 0032",halo-vision-75-4k-mini-led-tv-model-0032,physical,publish,"A studio-tested favourite, QLED panel with full-array local dimming and a 120Hz native refresh rate. Dolby Vision IQ, Dolby Atmos through a 2.1.2 down-firing speaker array, HDMI 2.1 with VRR and ALLM on all four ports, and Wi-Fi 6E for cable-free streaming. 30-day no-questions returns.",Premium 4K QLED TV with Dolby Vision IQ and 120Hz panel.,TJC-TVS-00032,1501.5,,219,instock,1,17.74,145,90,7,,bulky,,,1,,,visible,"Electronics, TVs","tv, 4k, smart-tv, dolby-vision",Aurora Tech,https://loremflickr.com/1200/1200/television%2Ctv?lock=700032,https://picsum.photos/seed/tjc-tvs-00032-g1/1200/1200.jpg|https://picsum.photos/seed/tjc-tvs-00032-g2/1200/1200.jpg|https://picsum.photos/seed/tjc-tvs-00032-g3/1200/1200.jpg,,,,,,,,,,
,Meridian Wide-Leg Pleated Skirt Pro Ref. 00033,meridian-wide-leg-pleated-skirt-pro-ref-00033,physical,publish,"Engineered for daily use, tailored fit cut crafted from a linen-cotton blend with a back-yoke detail. Soft-washed for an instantly broken-in feel; designed to hold its colour through 60+ washes. Designed in-house and made to last.",tailored fit skirt crafted from a linen-cotton blend.,TJC-WMB-00033,104.28,,139,instock,1,0.73,32,25,3,,,,,1,,,visible,"Clothing, Women","womens, apparel, bottom",Meridian Wear,https://loremflickr.com/1200/1200/womens%2Cjeans%2Cpants?lock=700033,https://picsum.photos/seed/tjc-wmb-00033-g1/1200/1200.jpg|https://picsum.photos/seed/tjc-wmb-00033-g2/1200/1200.jpg,,,,,,,,,,
,Pulse Pro In-Ear Monitors Edge Mk 0034,pulse-pro-in-ear-monitors-edge-mk-0034,physical,publish,"Built around what you actually use, Compact true-wireless earbuds with adaptive active noise cancellation and a wireless charging case. 10 hours per charge, 44 hours total with the case. Bluetooth 5.3 multipoint, IPX5 sweat and rain resistance, and four-microphone beamforming for clear calls in busy environments. Free carbon-neutral shipping over $50.",TWS earbuds with ANC and a wireless charging case.,TJC-AUD-EB-00034,226.77,,148,instock,1,0.05,6,5,3,,,,,1,,,visible,"Electronics, Audio","earbuds, tws, anc, wireless, audio",Vega Audio,https://loremflickr.com/1200/1200/wireless%2Cearbuds?lock=700034,https://picsum.photos/seed/tjc-aud-eb-00034-g1/1200/1200.jpg|https://picsum.photos/seed/tjc-aud-eb-00034-g2/1200/1200.jpg|https://picsum.photos/seed/tjc-aud-eb-00034-g3/1200/1200.jpg,,,,,,,,,,
,Echo Edge Bluetooth Headphones № 0035,echo-edge-bluetooth-headphones-no-0035,physical,publish,"Built around what you actually use, Over-ear wireless headphones with hybrid active noise cancellation, 24-hour battery life and memory-foam ear cushions. Bluetooth 5.3 multipoint keeps two devices paired at once and USB-C fast charging gives 4 hours of playback in a 10-minute top-up. Custom-tuned 40mm dynamic drivers deliver detailed mids and controlled low end without the boomy bass typical of consumer cans. Free carbon-neutral shipping over $50.",24h ANC over-ear headphones with USB-C fast charge.,TJC-AUD-HP-00035,360.05,,165,instock,1,0.39,20,18,9,,,,,1,,,visible,"Electronics, Audio","headphones, bluetooth, wireless, anc, audio",Nova Labs,https://loremflickr.com/1200/1200/headphones%2Cover-ear?lock=700035,https://picsum.photos/seed/tjc-aud-hp-00035-g1/1200/1200.jpg|https://picsum.photos/seed/tjc-aud-hp-00035-g2/1200/1200.jpg,,,,,,,,,,
,Halo Pro Streaming Microphone S-0036,halo-pro-streaming-microphone-s-0036,physical,publish,"Crafted with care, Hall-effect sensors, sub-1ms low-latency wireless via 2.4GHz USB dongle, and an 36-hour battery. Hot-swappable switches, per-key RGB, and aluminium construction with PBT double-shot keycaps where applicable. Backed by a two-year warranty.",Pro-tier peripheral with sub-1ms wireless latency.,TJC-GAM-00036,451.15,383.72,105,instock,1,0.5,24,16,12,,,,,1,,,visible,"Electronics, Gaming","gaming, peripheral, keyboard",Pulse Electronics,https://loremflickr.com/1200/1200/gaming%2Ccontroller%2Cconsole?lock=700036,https://picsum.photos/seed/tjc-gam-00036-g1/1200/1200.jpg|https://picsum.photos/seed/tjc-gam-00036-g2/1200/1200.jpg|https://picsum.photos/seed/tjc-gam-00036-g3/1200/1200.jpg,,,,,,,,,,
,Sunbeam Play Forest Wooden Puzzle (24 pcs) Series 0037,sunbeam-play-forest-wooden-puzzle-24-pcs-series-0037,physical,publish,"Crafted with care, FSC-certified solid-beech blocks finished with non-toxic water-based stains and beeswax polish. 60 pieces in a cotton drawstring bag; tested to EN71 and CPSIA. Designed in-house and made to last.",FSC beech blocks finished with non-toxic stains.,TJC-TKD-00037,48.38,40.98,0,outofstock,1,2.72,35,25,12,,,,,1,,,visible,"Toys, Kids","toys, kids, wooden",Maple Bear,https://loremflickr.com/1200/1200/kids%2Ctoy%2Cwooden?lock=700037,https://picsum.photos/seed/tjc-tkd-00037-g1/1200/1200.jpg|https://picsum.photos/seed/tjc-tkd-00037-g2/1200/1200.jpg|https://picsum.photos/seed/tjc-tkd-00037-g3/1200/1200.jpg,,,,,,,,,,
,Stride Core Pull-Up Bar Model 0038,stride-core-pull-up-bar-model-0038,physical,publish,"Made for everyday performance, 4kg cast iron with a powder-coated finish and a soft-grip handle. Built to take a beating in a home gym; backed by a lifetime warranty. Ships in 100% recyclable packaging.","Studio-grade home-gym essential, lifetime warranty.",TJC-FIT-00038,236.25,,235,instock,1,14.42,60,40,10,,,,,1,,,visible,"Sports, Fitness","fitness, gym, strength",Summit Gear,https://loremflickr.com/1200/1200/fitness%2Cgym%2Cequipment?lock=700038,https://picsum.photos/seed/tjc-fit-00038-g1/1200/1200.jpg|https://picsum.photos/seed/tjc-fit-00038-g2/1200/1200.jpg,,,,,,,,,,
,Trailwise Basecamp 60L Hiking Backpack Ref. 00039,trailwise-basecamp-60l-hiking-backpack-ref-00039,physical,publish,"Designed to last, Sub-2kg trail tent with a fully-taped fly rated to 3,000mm, two doors and two vestibules. DAC Featherlite poles, colour-coded clips, and a footprint included in the box. Free carbon-neutral shipping over $50.","Sub-2kg double-wall 2-person tent, 3000mm fly.",TJC-OUT-00039,326.07,,200,instock,1,2.86,70,30,20,,,,,1,,,visible,"Sports, Outdoor","outdoor, camping, hiking",Trailwise,https://loremflickr.com/1200/1200/camping%2Ctent%2Cbackpack%2Coutdoor?lock=700039,https://picsum.photos/seed/tjc-out-00039-g1/1200/1200.jpg|https://picsum.photos/seed/tjc-out-00039-g2/1200/1200.jpg,,,,,,,,,,
,Meridian Mid-Rise Tailored Chinos Mk 0040,meridian-mid-rise-tailored-chinos-mk-0040,physical,publish,"A studio-tested favourite, slim fit cut crafted from a linen-cotton blend with a back-yoke detail. Soft-washed for an instantly broken-in feel; designed to hold its colour through 60+ washes. Independently lab-tested for safety and durability.",slim fit jeans crafted from a linen-cotton blend.,TJC-WMB-00040,108.86,,70,instock,1,0.53,32,25,3,,,,,1,,,visible,"Clothing, Women","womens, apparel, bottom",Meridian Wear,https://loremflickr.com/1200/1200/womens%2Cjeans%2Cpants?lock=700040,https://picsum.photos/seed/tjc-wmb-00040-g1/1200/1200.jpg|https://picsum.photos/seed/tjc-wmb-00040-g2/1200/1200.jpg|https://picsum.photos/seed/tjc-wmb-00040-g3/1200/1200.jpg|https://picsum.photos/seed/tjc-wmb-00040-g4/1200/1200.jpg|https://picsum.photos/seed/tjc-wmb-00040-g5/1200/1200.jpg,,,,,,,,,,
,Coastline Cat-Eye Polarised Sunglasses № 0041,coastline-cat-eye-polarised-sunglasses-no-0041,physical,publish,"Engineered for daily use, Polarised lenses block 100% UVA/UVB and 99% of glare. Bio-acetate frame, five-barrel hinges, and a microfibre pouch in every box. Free carbon-neutral shipping over $50.",Polarised UV400 sunglasses in bio-acetate.,TJC-SGL-00041,89.14,,180,instock,1,0.19,15,6,6,,,,,1,,,visible,"Accessories, Eyewear","sunglasses, polarised, eyewear",Northland Apparel,https://loremflickr.com/1200/1200/sunglasses%2Ceyewear?lock=700041,https://picsum.photos/seed/tjc-sgl-00041-g1/1200/1200.jpg|https://picsum.photos/seed/tjc-sgl-00041-g2/1200/1200.jpg|https://picsum.photos/seed/tjc-sgl-00041-g3/1200/1200.jpg,,,,,,,,,,
,Aurelia Eau de Parfum Oud Rose EDP 50ml S-0042,aurelia-eau-de-parfum-oud-rose-edp-50ml-s-0042,physical,publish,"Crafted with care, Hand-blended in small batches by master perfumers in Grasse. Long-lasting projection from a sustainably-sourced base, with no synthetic musks or phthalates. Ships in 100% recyclable packaging.",Hand-blended small-batch parfum from Grasse.,TJC-FRG-00042,143.1,,146,instock,1,0.42,7,7,12,,fragile,,,1,,,visible,"Beauty, Fragrance","fragrance, perfume, beauty",Bloom Beauty,https://loremflickr.com/1200/1200/perfume%2Cfragrance?lock=700042,https://picsum.photos/seed/tjc-frg-00042-g1/1200/1200.jpg|https://picsum.photos/seed/tjc-frg-00042-g2/1200/1200.jpg|https://picsum.photos/seed/tjc-frg-00042-g3/1200/1200.jpg|https://picsum.photos/seed/tjc-frg-00042-g4/1200/1200.jpg,,,,,,,,,,
,Hearth Heritage Down Alternative Duvet Series 0043,hearth-heritage-down-alternative-duvet-series-0043,physical,publish,"Engineered for daily use, OEKO-TEX certified 300-thread-count long-staple cotton with mitred hems and oversized envelope corners. Pre-washed for an instant lived-in feel and improved softness wash after wash. Backed by a two-year warranty.",300-TC OEKO-TEX certified long-staple cotton sheets.,TJC-BED-00043,237.12,165.58,161,instock,1,1.27,35,30,12,,,,,1,,notify,visible,"Home & Kitchen, Bedding","bedding, sheets, home",Birchgrove,https://loremflickr.com/1200/1200/bedding%2Clinen%2Csheets?lock=700043,https://picsum.photos/seed/tjc-bed-00043-g1/1200/1200.jpg|https://picsum.photos/seed/tjc-bed-00043-g2/1200/1200.jpg,,,,,,,,,,
,Verdant Pantry Whole-Leaf Oolong 100g Edge Model 0044,verdant-pantry-whole-leaf-oolong-100g-edge-model-0044,physical,publish,"Designed to last, Stone-ground first-harvest ceremonial-grade matcha from Uji, Japan. Bright vegetal aroma with a creamy umami finish; whisks into a clean, foam-topped bowl in under 30 seconds. 30-day no-questions returns.",Stone-ground first-harvest Uji matcha.,TJC-TEA-00044,59.37,,242,instock,1,0.15,12,8,8,,,,,1,,,visible,"Food, Tea","tea, matcha, green, loose-leaf",Tideline,https://loremflickr.com/1200/1200/tea%2Cgreen%2Cmatcha?lock=700044,https://picsum.photos/seed/tjc-tea-00044-g1/1200/1200.jpg|https://picsum.photos/seed/tjc-tea-00044-g2/1200/1200.jpg|https://picsum.photos/seed/tjc-tea-00044-g3/1200/1200.jpg,,,,,,,,,,
,Heritage Loft Wall Sconce Ref. 00045,heritage-loft-wall-sconce-ref-00045,physical,publish,"Crafted with care, Solid brass body with a hand-cut linen drum shade. Inline dimmer, dimmable LED bulb (CRI 95, 2700K) included, and a 2m fabric-wrapped cord with EU/US/UK plug options. Independently lab-tested for safety and durability.",Solid-brass lamp with CRI 95 dimmable LED.,TJC-LTG-00045,73.22,62.07,209,instock,1,3.32,40,30,50,,,,,1,,,visible,"Home & Kitchen, Lighting","lighting, lamp, home",Lumin Interiors,https://loremflickr.com/1200/1200/lamp%2Clighting%2Cinterior?lock=700045,https://picsum.photos/seed/tjc-ltg-00045-g1/1200/1200.jpg|https://picsum.photos/seed/tjc-ltg-00045-g2/1200/1200.jpg,,,,,,,,,,
,Driftwood Field 3-Layer Shell Jacket Mk 0046,driftwood-field-3-layer-shell-jacket-mk-0046,physical,publish,"Designed to last, Three-layer waterproof shell rated to 20,000mm with fully taped seams and a YKK AquaGuard front zip. Adjustable storm hood, packs into its own pocket, and finishes at 510g in size M. Designed in-house and made to last.",3-layer 20K mm waterproof shell with taped seams.,TJC-OWR-00046,241.75,,35,instock,1,1.75,36,28,4,,,,,1,,notify,visible,"Clothing, Outerwear","outerwear, jacket, waterproof",Driftwood & Co.,https://loremflickr.com/1200/1200/jacket%2Ccoat%2Couterwear?lock=700046,https://picsum.photos/seed/tjc-owr-00046-g1/1200/1200.jpg|https://picsum.photos/seed/tjc-owr-00046-g2/1200/1200.jpg,,,,,,,,,,
,Veloce Boost Trail Runners Mark III № 0047,veloce-boost-trail-runners-mark-iii-no-0047,physical,publish,"Made for everyday performance, Energy-return foam midsole, a breathable engineered-mesh upper, and a rubber outsole tuned for wet-road grip. Reflective heel detailing and a recycled-plastic lace system. Designed in-house and made to last.",Energy-return running shoes with breathable upper.,TJC-SHS-00047,88.09,,105,instock,1,0.98,32,22,13,,,,,1,,,visible,"Clothing, Shoes","shoes, sneakers, running",Veloce,https://loremflickr.com/1200/1200/shoes%2Csneakers?lock=700047,https://picsum.photos/seed/tjc-shs-00047-g1/1200/1200.jpg|https://picsum.photos/seed/tjc-shs-00047-g2/1200/1200.jpg,,,,,,,,,,
,Halden Dress GMT Watch S-0048,halden-dress-gmt-watch-s-0048,physical,publish,"Designed to last, Sapphire-crystal 42mm case with an exhibition caseback showing the in-house automatic movement. 200m water resistance, Super-LumiNova C3 indices, and a screw-down crown. Backed by a two-year warranty.",42mm sapphire-crystal automatic watch.,TJC-WTC-00048,874.91,,31,instock,1,0.16,4.5,4.5,1.3,,fragile,,,1,,,visible,"Accessories, Watches","watch, watches, automatic, timepiece",Halden,https://loremflickr.com/1200/1200/wristwatch%2Cluxury%2Cwatch?lock=700048,https://picsum.photos/seed/tjc-wtc-00048-g1/1200/1200.jpg|https://picsum.photos/seed/tjc-wtc-00048-g2/1200/1200.jpg,,,,,,,,,,
,Tideline Whole-Leaf Chamomile Whole-Flower 50g Series 0049,tideline-whole-leaf-chamomile-whole-flower-50g-series-0049,physical,publish,"Built around what you actually use, Stone-ground first-harvest ceremonial-grade matcha from Uji, Japan. Bright vegetal aroma with a creamy umami finish; whisks into a clean, foam-topped bowl in under 30 seconds. Independently lab-tested for safety and durability.",Stone-ground first-harvest Uji matcha.,TJC-TEA-00049,56.05,40.44,249,instock,1,0.21,12,8,8,,,,,1,,,visible,"Food, Tea","tea, matcha, green, loose-leaf",Tideline,https://loremflickr.com/1200/1200/tea%2Cgreen%2Cmatcha?lock=700049,https://picsum.photos/seed/tjc-tea-00049-g1/1200/1200.jpg|https://picsum.photos/seed/tjc-tea-00049-g2/1200/1200.jpg|https://picsum.photos/seed/tjc-tea-00049-g3/1200/1200.jpg,,,,,,,,,,
,Quark Arcade Mechanical Gaming Keyboard Model 0050,quark-arcade-mechanical-gaming-keyboard-model-0050,physical,publish,"Made for everyday performance, Hall-effect sensors, sub-1ms low-latency wireless via 2.4GHz USB dongle, and an 12-hour battery. Hot-swappable switches, per-key RGB, and aluminium construction with PBT double-shot keycaps where applicable. Independently lab-tested for safety and durability.",Pro-tier peripheral with sub-1ms wireless latency.,TJC-GAM-00050,245.91,,220,instock,1,0.53,24,16,12,,,,,1,,,visible,"Electronics, Gaming","gaming, peripheral, keyboard",Borealis,https://loremflickr.com/1200/1200/gaming%2Ccontroller%2Cconsole?lock=700050,https://picsum.photos/seed/tjc-gam-00050-g1/1200/1200.jpg|https://picsum.photos/seed/tjc-gam-00050-g2/1200/1200.jpg|https://picsum.photos/seed/tjc-gam-00050-g3/1200/1200.jpg,,,,,,,,,,
,Little Atlas Forest Wooden Puzzle (24 pcs) Ref. 00051,little-atlas-forest-wooden-puzzle-24-pcs-ref-00051,physical,publish,"Made for everyday performance, FSC-certified solid-beech blocks finished with non-toxic water-based stains and beeswax polish. 60 pieces in a cotton drawstring bag; tested to EN71 and CPSIA. Designed in-house and made to last.",FSC beech blocks finished with non-toxic stains.,TJC-TKD-00051,171.23,,0,outofstock,1,0.65,35,25,12,,,,,1,,,visible,"Toys, Kids","toys, kids, wooden",Bramble Toys,https://loremflickr.com/1200/1200/kids%2Ctoy%2Cwooden?lock=700051,https://picsum.photos/seed/tjc-tkd-00051-g1/1200/1200.jpg|https://picsum.photos/seed/tjc-tkd-00051-g2/1200/1200.jpg|https://picsum.photos/seed/tjc-tkd-00051-g3/1200/1200.jpg,,,,,,,,,,
,Apex Eco Bolster Cushion Mk 0052,apex-eco-bolster-cushion-mk-0052,physical,publish,"Designed to last, Closed-cell modal jersey construction repels sweat and bacteria — wipe clean with a damp cloth. 180×60cm rolled size fits both hot-yoga and floor-pilates studios; reversible textured surface gives extra grip in downward dog. Independently lab-tested for safety and durability.",Non-slip closed-cell yoga gear.,TJC-YOG-00052,189.74,,146,instock,1,1.91,180,60,5,,,,,1,,,visible,"Sports, Yoga","yoga, mat, fitness",Summit Gear,https://loremflickr.com/1200/1200/yoga%2Cmat%2Cfitness?lock=700052,https://picsum.photos/seed/tjc-yog-00052-g1/1200/1200.jpg|https://picsum.photos/seed/tjc-yog-00052-g2/1200/1200.jpg|https://picsum.photos/seed/tjc-yog-00052-g3/1200/1200.jpg,,,,,,,,,,
,Apex Pro 750ml Insulated Bottle № 0053,apex-pro-750ml-insulated-bottle-no-0053,physical,publish,"Engineered for daily use, Double-walled 18/8 stainless steel keeps drinks cold for 24 hours or hot for 12. BPA- and lead-free with a leak-proof screw cap and a durable powder-coated finish. 30-day no-questions returns.",24h cold / 12h hot vacuum-insulated bottle.,TJC-BTL-00053,26.02,,62,instock,1,0.53,8,8,28,,,,,1,,,visible,"Sports, Outdoor","bottle, hydration, outdoor",Apex Outdoors,https://loremflickr.com/1200/1200/water%2Cbottle%2Cinsulated?lock=700053,https://picsum.photos/seed/tjc-btl-00053-g1/1200/1200.jpg|https://picsum.photos/seed/tjc-btl-00053-g2/1200/1200.jpg,,,,,,,,,,
,Ochre & Pine Atelier Drawing Pencil Set (12 Grades) S-0054,ochre-and-pine-atelier-drawing-pencil-set-12-grades-s-0054,physical,publish,"A studio-tested favourite, Professional-grade lightfast pigments in a portable tin with a thumb-ring, a mixing palette, and a sable travel brush. ASTM I lightfast rating across the full range. Free carbon-neutral shipping over $50.",Lightfast ASTM I pigments in a travel tin.,TJC-ART-00054,154.65,110.48,0,outofstock,1,0.46,30,22,5,,,,,1,,,visible,Art & Crafts,"art, craft, painting, supplies",Ochre & Pine,https://loremflickr.com/1200/1200/art%2Csupplies%2Ccraft%2Cpainting?lock=700054,https://picsum.photos/seed/tjc-art-00054-g1/1200/1200.jpg|https://picsum.photos/seed/tjc-art-00054-g2/1200/1200.jpg|https://picsum.photos/seed/tjc-art-00054-g3/1200/1200.jpg|https://picsum.photos/seed/tjc-art-00054-g4/1200/1200.jpg|https://picsum.photos/seed/tjc-art-00054-g5/1200/1200.jpg,,,,,,,,,,
,Halo Fit Smartwatch Series 0055,halo-fit-smartwatch-series-0055,physical,publish,"Built around what you actually use, 1.5-inch always-on AMOLED display, dual-frequency GPS, heart-rate, SpO2 and skin-temperature sensors, sleep and stress tracking, and a 36-day battery in everyday use. 5-ATM water resistance, over 120 sport modes, and a swappable 22mm quick-release strap. Free carbon-neutral shipping over $50.",GPS smartwatch with 36-day battery and SpO2 tracking.,TJC-WCH-00055,508.03,,218,instock,1,0.07,4.5,4.5,1.2,,,,,1,,,visible,"Electronics, Wearables","smartwatch, wearable, gps, fitness",Nimbus,https://loremflickr.com/1200/1200/smartwatch?lock=700055,https://picsum.photos/seed/tjc-wch-00055-g1/1200/1200.jpg|https://picsum.photos/seed/tjc-wch-00055-g2/1200/1200.jpg|https://picsum.photos/seed/tjc-wch-00055-g3/1200/1200.jpg,,,,,,,,,,
,Veloce Run Trail Runners Series 2 Model 0056,veloce-run-trail-runners-series-2-model-0056,physical,publish,"Built around what you actually use, Energy-return foam midsole, a breathable engineered-mesh upper, and a rubber outsole tuned for wet-road grip. Reflective heel detailing and a recycled-plastic lace system. Designed in-house and made to last.",Energy-return running shoes with breathable upper.,TJC-SHS-00056,258.49,,200,instock,1,1.15,32,22,13,,,1,,1,,notify,visible,"Clothing, Shoes","shoes, sneakers, running",Veloce,https://loremflickr.com/1200/1200/shoes%2Csneakers?lock=700056,https://picsum.photos/seed/tjc-shs-00056-g1/1200/1200.jpg|https://picsum.photos/seed/tjc-shs-00056-g2/1200/1200.jpg|https://picsum.photos/seed/tjc-shs-00056-g3/1200/1200.jpg|https://picsum.photos/seed/tjc-shs-00056-g4/1200/1200.jpg,,,,,,,,,,
,Atlas Blouse Tunic Top Signature Ref. 00057,atlas-blouse-tunic-top-signature-ref-00057,physical,publish,"Built around what you actually use, modal jersey cut in a regular fit silhouette with a soft hand-feel and a drape that flatters. Designed in our studio and produced in a Fair-Wear-certified facility. Ships in 100% recyclable packaging.",modal jersey knit top in a regular fit.,TJC-WMT-00057,162.04,,33,instock,1,0.53,28,22,2,,,,,1,,notify,visible,"Clothing, Women","womens, apparel, top",Coastline,https://loremflickr.com/1200/1200/womens%2Cblouse%2Cshirt%2Capparel?lock=700057,https://picsum.photos/seed/tjc-wmt-00057-g1/1200/1200.jpg|https://picsum.photos/seed/tjc-wmt-00057-g2/1200/1200.jpg|https://picsum.photos/seed/tjc-wmt-00057-g3/1200/1200.jpg|https://picsum.photos/seed/tjc-wmt-00057-g4/1200/1200.jpg|https://picsum.photos/seed/tjc-wmt-00057-g5/1200/1200.jpg,,,,,,,,,,
,Roadline Studio Roof Cargo Box 450L Mk 0058,roadline-studio-roof-cargo-box-450l-mk-0058,physical,publish,"Designed to last, True 4K 60fps recording with HDR, GPS logging, Wi-Fi 5GHz, and a built-in supercapacitor that survives a hot dashboard. Loops onto a 256GB UHS-I card (sold separately). 30-day no-questions returns.",True 4K HDR dash cam with GPS logging.,TJC-AUT-00058,123.17,,273,instock,1,1.61,60,40,20,,,,,1,,,visible,"Automotive, Accessories","automotive, car, accessories",Roadline,https://loremflickr.com/1200/1200/car%2Cautomotive%2Cinterior?lock=700058,https://picsum.photos/seed/tjc-aut-00058-g1/1200/1200.jpg|https://picsum.photos/seed/tjc-aut-00058-g2/1200/1200.jpg|https://picsum.photos/seed/tjc-aut-00058-g3/1200/1200.jpg|https://picsum.photos/seed/tjc-aut-00058-g4/1200/1200.jpg,,,,,,,,,,
,Loom & Lustre Atelier Sterling Silver Ring Pro № 0059,loom-and-lustre-atelier-sterling-silver-ring-pro-no-0059,physical,publish,"Built around what you actually use, Made from 18K solid gold with hypoallergenic plating. Hand-finished in our studio, hallmarked, and presented in a recycled-cotton gift pouch. Ships in 100% recyclable packaging.",Hand-finished 18K solid gold fine jewellery.,TJC-JWL-00059,71.22,,188,instock,1,0.07,5,5,1,,fragile,,,1,,,visible,"Accessories, Jewellery","jewellery, silver, gold, accessory",Halden Atelier,https://loremflickr.com/1200/1200/jewellery%2Cring%2Cnecklace%2Csilver?lock=700059,https://picsum.photos/seed/tjc-jwl-00059-g1/1200/1200.jpg|https://picsum.photos/seed/tjc-jwl-00059-g2/1200/1200.jpg|https://picsum.photos/seed/tjc-jwl-00059-g3/1200/1200.jpg|https://picsum.photos/seed/tjc-jwl-00059-g4/1200/1200.jpg|https://picsum.photos/seed/tjc-jwl-00059-g5/1200/1200.jpg,,,,,,,,,,
,Roadline Trail Tyre Inflator (Cordless) S-0060,roadline-trail-tyre-inflator-cordless-s-0060,physical,publish,"A studio-tested favourite, True 4K 60fps recording with HDR, GPS logging, Wi-Fi 5GHz, and a built-in supercapacitor that survives a hot dashboard. Loops onto a 256GB UHS-I card (sold separately). Ships in 100% recyclable packaging.",True 4K HDR dash cam with GPS logging.,TJC-AUT-00060,210.15,138.52,186,instock,1,3.35,60,40,20,,,,,1,,,visible,"Automotive, Accessories","automotive, car, accessories",Roadline,https://loremflickr.com/1200/1200/car%2Cautomotive%2Cinterior?lock=700060,https://picsum.photos/seed/tjc-aut-00060-g1/1200/1200.jpg|https://picsum.photos/seed/tjc-aut-00060-g2/1200/1200.jpg,,,,,,,,,,
,Inkfield Heritage A5 Hardcover Notebook (Ruled) Series 0061,inkfield-heritage-a5-hardcover-notebook-ruled-series-0061,physical,publish,"A studio-tested favourite, 192-page hardcover notebook on 100gsm cream paper with a lay-flat smyth-sewn binding, ribbon marker and elastic closure. Acid-free paper takes fountain-pen ink without bleed. Backed by a two-year warranty.",192-page hardcover notebook on 100gsm cream paper.,TJC-OFC-00061,67.47,,174,instock,1,0.63,22,15,2,,,,,1,,,visible,"Office, Stationery","office, stationery, notebook",Bureau Co.,https://loremflickr.com/1200/1200/notebook%2Cpen%2Cstationery%2Coffice?lock=700061,https://picsum.photos/seed/tjc-ofc-00061-g1/1200/1200.jpg|https://picsum.photos/seed/tjc-ofc-00061-g2/1200/1200.jpg|https://picsum.photos/seed/tjc-ofc-00061-g3/1200/1200.jpg|https://picsum.photos/seed/tjc-ofc-00061-g4/1200/1200.jpg|https://picsum.photos/seed/tjc-ofc-00061-g5/1200/1200.jpg,,,,,,,,,,
,Veloce Trail Front Light 1000lm Model 0062,veloce-trail-front-light-1000lm-model-0062,physical,publish,"Made for everyday performance, Multi-density EPS shell with MIPS rotational-impact protection, 24 large vents and a Boa retention dial. Weighs in at 240g in size M and meets EN 1078 + CPSC standards. Designed in-house and made to last.","MIPS helmet at 240g, EN 1078 + CPSC certified.",TJC-CYC-00062,640.87,464.91,204,instock,1,5.09,60,30,15,,,,,1,,,visible,"Sports, Cycling","cycling, bike, helmet",Summit Gear,https://loremflickr.com/1200/1200/bicycle%2Ccycling%2Chelmet?lock=700062,https://picsum.photos/seed/tjc-cyc-00062-g1/1200/1200.jpg|https://picsum.photos/seed/tjc-cyc-00062-g2/1200/1200.jpg|https://picsum.photos/seed/tjc-cyc-00062-g3/1200/1200.jpg|https://picsum.photos/seed/tjc-cyc-00062-g4/1200/1200.jpg|https://picsum.photos/seed/tjc-cyc-00062-g5/1200/1200.jpg,,,,,,,,,,
,Trailwise Tempo Reflective Running Vest Ref. 00063,trailwise-tempo-reflective-running-vest-ref-00063,physical,publish,"Built around what you actually use, Lightweight, breathable construction with reflective detailing and a no-bounce phone pocket. Designed with input from elite ultra-runners. Independently lab-tested for safety and durability.",Lightweight reflective running gear.,TJC-RUN-00063,210.94,,42,instock,1,1.03,30,22,12,,,,,1,,,visible,"Sports, Running","running, athletic, sports",Veloce Sports,https://loremflickr.com/1200/1200/running%2Cshoes%2Cathletic?lock=700063,https://picsum.photos/seed/tjc-run-00063-g1/1200/1200.jpg|https://picsum.photos/seed/tjc-run-00063-g2/1200/1200.jpg|https://picsum.photos/seed/tjc-run-00063-g3/1200/1200.jpg|https://picsum.photos/seed/tjc-run-00063-g4/1200/1200.jpg,,,,,,,,,,
,Greenroot Heritage Snake Plant (Tall) Edge Mk 0064,greenroot-heritage-snake-plant-tall-edge-mk-0064,physical,publish,"Engineered for daily use, Healthy, nursery-grown indoor plant shipped in its 19cm grow pot. Includes a care card with light, watering and humidity guidance. Ships in 100% recyclable packaging.",Nursery-grown indoor plant with care card.,TJC-GPL-00064,139.36,100.05,41,instock,1,4.07,40,30,50,,,,,1,,,visible,"Garden, Plants","plants, garden, indoor",Petalworks,https://loremflickr.com/1200/1200/plant%2Cpot%2Chouseplant%2Cgarden?lock=700064,https://picsum.photos/seed/tjc-gpl-00064-g1/1200/1200.jpg|https://picsum.photos/seed/tjc-gpl-00064-g2/1200/1200.jpg,,,,,,,,,,
,Honeycomb Studio Mascara № 0065,honeycomb-studio-mascara-no-0065,physical,publish,"Engineered for daily use, Pigment-dense matte formula with 12-hour wear, no transfer and a comfortable, non-drying feel. Vegan, cruelty-free, and made in a Leaping-Bunny certified facility. Independently lab-tested for safety and durability.",Long-wear matte foundation with 12-hour wear.,TJC-MKP-00065,77.13,,170,instock,1,0.15,4,4,8,,,,,1,,,visible,"Beauty, Makeup","makeup, cosmetics, beauty, vegan",Verdant Apothecary,https://loremflickr.com/1200/1200/makeup%2Ccosmetics%2Clipstick?lock=700065,https://picsum.photos/seed/tjc-mkp-00065-g1/1200/1200.jpg|https://picsum.photos/seed/tjc-mkp-00065-g2/1200/1200.jpg|https://picsum.photos/seed/tjc-mkp-00065-g3/1200/1200.jpg,,,,,,,,,,
,Wildcrest Pet Trail Water Fountain S-0066,wildcrest-pet-trail-water-fountain-s-0066,physical,publish,"Crafted with care, Four-tier cat tree built from FSC-certified pine with hand-wound sisal posts and plush platforms. Stable footprint; arrives in two pieces with M8 fixings. Designed in-house and made to last.",FSC pine cat tree with hand-wound sisal posts.,TJC-PTC-00066,93.19,,48,instock,1,2.19,60,40,20,,,,,1,,,visible,"Pets, Cats","pets, cat, accessories",Wildcrest Pet,https://loremflickr.com/1200/1200/cat%2Cpet%2Csupplies?lock=700066,https://picsum.photos/seed/tjc-ptc-00066-g1/1200/1200.jpg|https://picsum.photos/seed/tjc-ptc-00066-g2/1200/1200.jpg|https://picsum.photos/seed/tjc-ptc-00066-g3/1200/1200.jpg|https://picsum.photos/seed/tjc-ptc-00066-g4/1200/1200.jpg|https://picsum.photos/seed/tjc-ptc-00066-g5/1200/1200.jpg,,,,,,,,,,
,Wildcrest Pet Studio Travel Dog Crate Series 3 Series 0067,wildcrest-pet-studio-travel-dog-crate-series-3-series-0067,physical,publish,"Made for everyday performance, Padded ergonomic harness with two attachment points and a reflective trim. Adjustable across four chest sizes; the steel D-ring rated to 250kg pull-through. Backed by a two-year warranty.",Padded reflective harness with two leash points.,TJC-PTD-00067,34.28,,47,instock,1,2.99,50,30,12,,,,,1,,,visible,"Pets, Dogs","pets, dog, accessories",Wildcrest Pet,https://loremflickr.com/1200/1200/dog%2Cpet%2Csupplies?lock=700067,https://picsum.photos/seed/tjc-ptd-00067-g1/1200/1200.jpg|https://picsum.photos/seed/tjc-ptd-00067-g2/1200/1200.jpg,,,,,,,,,,
,Wildcrest Pet Heritage Travel Dog Crate Model 0068,wildcrest-pet-heritage-travel-dog-crate-model-0068,physical,publish,"Engineered for daily use, Padded ergonomic harness with two attachment points and a reflective trim. Adjustable across four chest sizes; the steel D-ring rated to 250kg pull-through. Backed by a two-year warranty.",Padded reflective harness with two leash points.,TJC-PTD-00068,59.54,,20,instock,1,2.88,50,30,12,,,1,,1,,,visible,"Pets, Dogs","pets, dog, accessories",Pawborough,https://loremflickr.com/1200/1200/dog%2Cpet%2Csupplies?lock=700068,https://picsum.photos/seed/tjc-ptd-00068-g1/1200/1200.jpg|https://picsum.photos/seed/tjc-ptd-00068-g2/1200/1200.jpg|https://picsum.photos/seed/tjc-ptd-00068-g3/1200/1200.jpg|https://picsum.photos/seed/tjc-ptd-00068-g4/1200/1200.jpg|https://picsum.photos/seed/tjc-ptd-00068-g5/1200/1200.jpg,,,,,,,,,,
,Orbit Lite 5G Smartphone Ref. 00069,orbit-lite-5g-smartphone-ref-00069,physical,publish,"Designed to last, 6.1-inch AMOLED display at 120Hz with always-on mode. 2TB on-board storage, 8GB RAM, and a triple-camera system: 48MP main, ultra-wide and 3× telephoto with optical image stabilisation. 5G mmWave + sub-6, Wi-Fi 7, and 5000mAh battery with 100W fast wired and 10W wireless charging. 30-day no-questions returns.",6.1-inch 120Hz 5G smartphone with triple camera.,TJC-PHN-00069,1180.9,,49,instock,1,0.2,16,7.6,0.85,,,,,1,,,visible,"Electronics, Smartphones","smartphone, 5g, android, phone",Nimbus,https://loremflickr.com/1200/1200/smartphone?lock=700069,https://picsum.photos/seed/tjc-phn-00069-g1/1200/1200.jpg|https://picsum.photos/seed/tjc-phn-00069-g2/1200/1200.jpg|https://picsum.photos/seed/tjc-phn-00069-g3/1200/1200.jpg|https://picsum.photos/seed/tjc-phn-00069-g4/1200/1200.jpg,,,,,,,,,,
,Apex Road MIPS Mountain Helmet Mk 0070,apex-road-mips-mountain-helmet-mk-0070,physical,publish,"Crafted with care, Multi-density EPS shell with MIPS rotational-impact protection, 24 large vents and a Boa retention dial. Weighs in at 240g in size M and meets EN 1078 + CPSC standards. 30-day no-questions returns.","MIPS helmet at 240g, EN 1078 + CPSC certified.",TJC-CYC-00070,908.76,,263,instock,1,7.24,60,30,15,,,,,1,,notify,visible,"Sports, Cycling","cycling, bike, helmet",Veloce Sports,https://loremflickr.com/1200/1200/bicycle%2Ccycling%2Chelmet?lock=700070,https://picsum.photos/seed/tjc-cyc-00070-g1/1200/1200.jpg|https://picsum.photos/seed/tjc-cyc-00070-g2/1200/1200.jpg|https://picsum.photos/seed/tjc-cyc-00070-g3/1200/1200.jpg,,,,,,,,,,
,Driftwood Standard Tech Joggers № 0071,driftwood-standard-tech-joggers-no-0071,physical,publish,"Built around what you actually use, Constructed from a organic cotton with a comfortable tailored fit. Five-pocket styling, sturdy YKK hardware, and a back-yoke design that holds its shape through years of wear. Designed in-house and made to last.",tailored fit chinos with sturdy YKK hardware.,TJC-MNB-00071,103.21,,247,instock,1,0.46,32,25,3,,,,,1,,notify,visible,"Clothing, Men","mens, apparel, bottom",Coastline,https://loremflickr.com/1200/1200/mens%2Cjeans%2Cpants?lock=700071,https://picsum.photos/seed/tjc-mnb-00071-g1/1200/1200.jpg|https://picsum.photos/seed/tjc-mnb-00071-g2/1200/1200.jpg|https://picsum.photos/seed/tjc-mnb-00071-g3/1200/1200.jpg|https://picsum.photos/seed/tjc-mnb-00071-g4/1200/1200.jpg|https://picsum.photos/seed/tjc-mnb-00071-g5/1200/1200.jpg,,,,,,,,,,
,Verdant Wellness Studio Multivitamin 60 Capsules S-0072,verdant-wellness-studio-multivitamin-60-capsules-s-0072,physical,publish,"Built around what you actually use, Third-party tested for potency and purity, manufactured in a GMP-certified facility. Free from gluten, soy, dairy and artificial fillers; 60-day money-back guarantee. Independently lab-tested for safety and durability.","Third-party tested, GMP-certified supplements.",TJC-HLT-00072,41.73,29.52,90,instock,1,0.12,8,8,12,,,,,1,,,visible,Health & Wellness,"health, wellness, supplements, vitamins",Bloom Apothecary,https://loremflickr.com/1200/1200/supplements%2Cvitamins%2Cwellness?lock=700072,https://picsum.photos/seed/tjc-hlt-00072-g1/1200/1200.jpg|https://picsum.photos/seed/tjc-hlt-00072-g2/1200/1200.jpg|https://picsum.photos/seed/tjc-hlt-00072-g3/1200/1200.jpg|https://picsum.photos/seed/tjc-hlt-00072-g4/1200/1200.jpg,,,,,,,,,,
,"Halo Cinema 55"" 4K QLED TV Series 0073",halo-cinema-55-4k-qled-tv-series-0073,physical,publish,"Made for everyday performance, QLED panel with full-array local dimming and a 120Hz native refresh rate. Dolby Vision IQ, Dolby Atmos through a 2.1.2 down-firing speaker array, HDMI 2.1 with VRR and ALLM on all four ports, and Wi-Fi 6E for cable-free streaming. 30-day no-questions returns.",Premium 4K QLED TV with Dolby Vision IQ and 120Hz panel.,TJC-TVS-00073,3086.7,2360.2,29,instock,1,25.92,145,90,7,,bulky,,,1,,,visible,"Electronics, TVs","tv, 4k, smart-tv, dolby-vision",Quark Devices,https://loremflickr.com/1200/1200/television%2Ctv?lock=700073,https://picsum.photos/seed/tjc-tvs-00073-g1/1200/1200.jpg|https://picsum.photos/seed/tjc-tvs-00073-g2/1200/1200.jpg|https://picsum.photos/seed/tjc-tvs-00073-g3/1200/1200.jpg|https://picsum.photos/seed/tjc-tvs-00073-g4/1200/1200.jpg,,,,,,,,,,
,Apex Gravel Rear Light Anniversary Model 0074,apex-gravel-rear-light-anniversary-model-0074,physical,publish,"A studio-tested favourite, Multi-density EPS shell with MIPS rotational-impact protection, 24 large vents and a Boa retention dial. Weighs in at 240g in size M and meets EN 1078 + CPSC standards. Independently lab-tested for safety and durability.","MIPS helmet at 240g, EN 1078 + CPSC certified.",TJC-CYC-00074,1313.75,1031.86,135,instock,1,13.92,60,30,15,,,,,1,,,visible,"Sports, Cycling","cycling, bike, helmet",Stride Athletics,https://loremflickr.com/1200/1200/bicycle%2Ccycling%2Chelmet?lock=700074,https://picsum.photos/seed/tjc-cyc-00074-g1/1200/1200.jpg|https://picsum.photos/seed/tjc-cyc-00074-g2/1200/1200.jpg,,,,,,,,,,
,Pawborough Trail Water Fountain Ref. 00075,pawborough-trail-water-fountain-ref-00075,physical,publish,"Designed to last, Four-tier cat tree built from FSC-certified pine with hand-wound sisal posts and plush platforms. Stable footprint; arrives in two pieces with M8 fixings. Designed in-house and made to last.",FSC pine cat tree with hand-wound sisal posts.,TJC-PTC-00075,18.43,,254,instock,1,4.29,60,40,20,,,,,1,,,visible,"Pets, Cats","pets, cat, accessories",Pawborough,https://loremflickr.com/1200/1200/cat%2Cpet%2Csupplies?lock=700075,https://picsum.photos/seed/tjc-ptc-00075-g1/1200/1200.jpg|https://picsum.photos/seed/tjc-ptc-00075-g2/1200/1200.jpg|https://picsum.photos/seed/tjc-ptc-00075-g3/1200/1200.jpg,,,,,,,,,,
,Greenroot Heritage Garden Hose 25m Limited Edition Mk 0076,greenroot-heritage-garden-hose-25m-limited-edition-mk-0076,physical,publish,"Engineered for daily use, Forged from a single piece of stainless steel with a polished FSC ash handle. Lifetime sharpening service. Free carbon-neutral shipping over $50.",Forged stainless garden tool with FSC ash handle.,TJC-GOU-00076,355.58,241.7,148,instock,1,6.47,90,30,20,reduced-rate,,,,1,,notify,visible,"Garden, Outdoor","garden, outdoor, tool",Petalworks,https://loremflickr.com/1200/1200/garden%2Ctool%2Coutdoor?lock=700076,https://picsum.photos/seed/tjc-gou-00076-g1/1200/1200.jpg|https://picsum.photos/seed/tjc-gou-00076-g2/1200/1200.jpg|https://picsum.photos/seed/tjc-gou-00076-g3/1200/1200.jpg,,,,,,,,,,
,Quark Pro Wireless Controller Plus № 0077,quark-pro-wireless-controller-plus-no-0077,physical,publish,"Designed to last, Hall-effect sensors, sub-1ms low-latency wireless via 2.4GHz USB dongle, and an 24-hour battery. Hot-swappable switches, per-key RGB, and aluminium construction with PBT double-shot keycaps where applicable. Backed by a two-year warranty.",Pro-tier peripheral with sub-1ms wireless latency.,TJC-GAM-00077,80.74,,125,instock,1,0.4,24,16,12,reduced-rate,,,,1,,,visible,"Electronics, Gaming","gaming, peripheral, keyboard",Aurora Tech,https://loremflickr.com/1200/1200/gaming%2Ccontroller%2Cconsole?lock=700077,https://picsum.photos/seed/tjc-gam-00077-g1/1200/1200.jpg|https://picsum.photos/seed/tjc-gam-00077-g2/1200/1200.jpg|https://picsum.photos/seed/tjc-gam-00077-g3/1200/1200.jpg,,,,,,,,,,
,Pulse Mirrorless APS-C Camera S-0078,pulse-mirrorless-aps-c-camera-s-0078,physical,publish,"Designed to last, 108MP back-illuminated sensor with 5-axis in-body image stabilisation. 4K 60p video with 10-bit 4:2:2 internal recording, dual UHS-II SD slots, weather-sealed magnesium-alloy body, and a 3.0-inch vari-angle touchscreen. Designed in-house and made to last.",108MP mirrorless body with 4K 60p video and IBIS.,TJC-CAM-00078,2430.33,2087.78,174,instock,1,0.84,14,10,8,,fragile,,,1,,,visible,"Electronics, Cameras","camera, mirrorless, photography",Nimbus,https://loremflickr.com/1200/1200/camera%2Cdslr%2Cmirrorless?lock=700078,https://picsum.photos/seed/tjc-cam-00078-g1/1200/1200.jpg|https://picsum.photos/seed/tjc-cam-00078-g2/1200/1200.jpg|https://picsum.photos/seed/tjc-cam-00078-g3/1200/1200.jpg|https://picsum.photos/seed/tjc-cam-00078-g4/1200/1200.jpg|https://picsum.photos/seed/tjc-cam-00078-g5/1200/1200.jpg,,,,,,,,,,
,Birchgrove Heritage Sideboard Studio Series 0079,birchgrove-heritage-sideboard-studio-series-0079,physical,publish,"Engineered for daily use, FSC-certified solid oak with a hand-rubbed natural-oil finish. Mortise-and-tenon joinery, no MDF or particleboard. Ships flat with five M8 fixings and assembles in under 15 minutes. Free carbon-neutral shipping over $50.","Solid-oak FSC-certified furniture, assembles in 15 minutes.",TJC-FRN-00079,1427.24,1113.93,44,instock,1,18.79,200,95,85,reduced-rate,bulky,,,1,,,visible,"Home & Kitchen, Furniture","furniture, wood, home",Stoneward Kitchen,https://loremflickr.com/1200/1200/furniture%2Cchair%2Csofa%2Cinterior?lock=700079,https://picsum.photos/seed/tjc-frn-00079-g1/1200/1200.jpg|https://picsum.photos/seed/tjc-frn-00079-g2/1200/1200.jpg|https://picsum.photos/seed/tjc-frn-00079-g3/1200/1200.jpg,,,,,,,,,,
,Northland Tapered Selvedge Jeans Edge Model 0080,northland-tapered-selvedge-jeans-edge-model-0080,physical,publish,"Engineered for daily use, Constructed from a pima cotton with a comfortable slim fit. Five-pocket styling, sturdy YKK hardware, and a back-yoke design that holds its shape through years of wear. Backed by a two-year warranty.",slim fit chinos with sturdy YKK hardware.,TJC-MNB-00080,95.54,69.55,163,instock,1,0.78,32,25,3,,,,,1,,notify,visible,"Clothing, Men","mens, apparel, bottom",Northland Apparel,https://loremflickr.com/1200/1200/mens%2Cjeans%2Cpants?lock=700080,https://picsum.photos/seed/tjc-mnb-00080-g1/1200/1200.jpg|https://picsum.photos/seed/tjc-mnb-00080-g2/1200/1200.jpg|https://picsum.photos/seed/tjc-mnb-00080-g3/1200/1200.jpg,,,,,,,,,,
,Little Atlas Studio Wooden Puzzle (24 pcs) Ref. 00081,little-atlas-studio-wooden-puzzle-24-pcs-ref-00081,physical,publish,"A studio-tested favourite, FSC-certified solid-beech blocks finished with non-toxic water-based stains and beeswax polish. 60 pieces in a cotton drawstring bag; tested to EN71 and CPSIA. Ships in 100% recyclable packaging.",FSC beech blocks finished with non-toxic stains.,TJC-TKD-00081,42.99,,144,instock,1,1.69,35,25,12,,,,,1,,,visible,"Toys, Kids","toys, kids, wooden",Maple Bear,https://loremflickr.com/1200/1200/kids%2Ctoy%2Cwooden?lock=700081,https://picsum.photos/seed/tjc-tkd-00081-g1/1200/1200.jpg|https://picsum.photos/seed/tjc-tkd-00081-g2/1200/1200.jpg|https://picsum.photos/seed/tjc-tkd-00081-g3/1200/1200.jpg|https://picsum.photos/seed/tjc-tkd-00081-g4/1200/1200.jpg|https://picsum.photos/seed/tjc-tkd-00081-g5/1200/1200.jpg,,,,,,,,,,
,Trailwise Endurance Running Socks (3-Pack) Mk 0082,trailwise-endurance-running-socks-3-pack-mk-0082,physical,publish,"Built around what you actually use, Lightweight, breathable construction with reflective detailing and a no-bounce phone pocket. Designed with input from elite ultra-runners. Designed in-house and made to last.",Lightweight reflective running gear.,TJC-RUN-00082,174.06,135.41,97,instock,1,0.68,30,22,12,,,,,1,,,visible,"Sports, Running","running, athletic, sports",Apex Outdoors,https://loremflickr.com/1200/1200/running%2Cshoes%2Cathletic?lock=700082,https://picsum.photos/seed/tjc-run-00082-g1/1200/1200.jpg|https://picsum.photos/seed/tjc-run-00082-g2/1200/1200.jpg,,,,,,,,,,
,Stride Core Yoga Block (Pair) Limited Edition № 0083,stride-core-yoga-block-pair-limited-edition-no-0083,physical,publish,"Crafted with care, 16kg cast iron with a powder-coated finish and a soft-grip handle. Built to take a beating in a home gym; backed by a lifetime warranty. 30-day no-questions returns.","Studio-grade home-gym essential, lifetime warranty.",TJC-FIT-00083,18.82,,88,instock,1,15.81,60,40,10,,,,,1,,,visible,"Sports, Fitness","fitness, gym, strength",Veloce Sports,https://loremflickr.com/1200/1200/fitness%2Cgym%2Cequipment?lock=700083,https://picsum.photos/seed/tjc-fit-00083-g1/1200/1200.jpg|https://picsum.photos/seed/tjc-fit-00083-g2/1200/1200.jpg,,,,,,,,,,
,Tideline Single-Origin Milk Chocolate Almond (100g) S-0084,tideline-single-origin-milk-chocolate-almond-100g-s-0084,physical,publish,"Engineered for daily use, Single-origin bean-to-bar dark chocolate at 72% cocoa, conched for 72 hours. Notes of red fruit, molasses and a long, dry finish. Designed in-house and made to last.",72% single-origin bean-to-bar dark chocolate.,TJC-CHC-00084,11.84,,0,outofstock,1,0.14,18,9,1.5,,,,,1,,,visible,"Food, Chocolate","chocolate, sweets, single-origin",Hearthstone Roasters,https://loremflickr.com/1200/1200/chocolate%2Csweets?lock=700084,https://picsum.photos/seed/tjc-chc-00084-g1/1200/1200.jpg|https://picsum.photos/seed/tjc-chc-00084-g2/1200/1200.jpg|https://picsum.photos/seed/tjc-chc-00084-g3/1200/1200.jpg,,,,,,,,,,
,Verdant Pantry Bean-to-Bar Dark Chocolate 72% (100g) Edge Series 0085,verdant-pantry-bean-to-bar-dark-chocolate-72-100g-edge-series-0085,physical,publish,"A studio-tested favourite, Single-origin bean-to-bar dark chocolate at 72% cocoa, conched for 72 hours. Notes of red fruit, molasses and a long, dry finish. Backed by a two-year warranty.",72% single-origin bean-to-bar dark chocolate.,TJC-CHC-00085,54.15,,143,instock,1,0.17,18,9,1.5,,,,,1,,,visible,"Food, Chocolate","chocolate, sweets, single-origin",Tideline,https://loremflickr.com/1200/1200/chocolate%2Csweets?lock=700085,https://picsum.photos/seed/tjc-chc-00085-g1/1200/1200.jpg|https://picsum.photos/seed/tjc-chc-00085-g2/1200/1200.jpg,,,,,,,,,,
,Verdant Pantry Ceremonial Loose-Leaf Earl Grey 100g Model 0086,verdant-pantry-ceremonial-loose-leaf-earl-grey-100g-model-0086,physical,publish,"Engineered for daily use, Stone-ground first-harvest ceremonial-grade matcha from Uji, Japan. Bright vegetal aroma with a creamy umami finish; whisks into a clean, foam-topped bowl in under 30 seconds. Ships in 100% recyclable packaging.",Stone-ground first-harvest Uji matcha.,TJC-TEA-00086,14.22,,167,instock,1,0.27,12,8,8,,,,,1,,,visible,"Food, Tea","tea, matcha, green, loose-leaf",Tideline,https://loremflickr.com/1200/1200/tea%2Cgreen%2Cmatcha?lock=700086,https://picsum.photos/seed/tjc-tea-00086-g1/1200/1200.jpg|https://picsum.photos/seed/tjc-tea-00086-g2/1200/1200.jpg|https://picsum.photos/seed/tjc-tea-00086-g3/1200/1200.jpg|https://picsum.photos/seed/tjc-tea-00086-g4/1200/1200.jpg|https://picsum.photos/seed/tjc-tea-00086-g5/1200/1200.jpg,,,,,,,,,,
,Nova Edge 5G Smartphone Ref. 00087,nova-edge-5g-smartphone-ref-00087,physical,publish,"Engineered for daily use, 6.5-inch AMOLED display at 120Hz with always-on mode. 512GB on-board storage, 64GB RAM, and a triple-camera system: 24MP main, ultra-wide and 3× telephoto with optical image stabilisation. 5G mmWave + sub-6, Wi-Fi 7, and 5500mAh battery with 80W fast wired and 10W wireless charging. 30-day no-questions returns.",6.5-inch 120Hz 5G smartphone with triple camera.,TJC-PHN-00087,1097.52,,63,instock,1,0.2,16,7.6,0.85,,,1,,1,,,visible,"Electronics, Smartphones","smartphone, 5g, android, phone",Pulse Electronics,https://loremflickr.com/1200/1200/smartphone?lock=700087,https://picsum.photos/seed/tjc-phn-00087-g1/1200/1200.jpg|https://picsum.photos/seed/tjc-phn-00087-g2/1200/1200.jpg|https://picsum.photos/seed/tjc-phn-00087-g3/1200/1200.jpg,,,,,,,,,,
,Ochre & Pine Pro Linen Canvas (40×50cm) Studio Mk 0088,ochre-and-pine-pro-linen-canvas-40-50cm-studio-mk-0088,physical,publish,"Built around what you actually use, Professional-grade lightfast pigments in a portable tin with a thumb-ring, a mixing palette, and a sable travel brush. ASTM I lightfast rating across the full range. 30-day no-questions returns.",Lightfast ASTM I pigments in a travel tin.,TJC-ART-00088,243.32,,116,instock,1,1.31,30,22,5,,,,,1,,,visible,Art & Crafts,"art, craft, painting, supplies",Atelier Maple,https://loremflickr.com/1200/1200/art%2Csupplies%2Ccraft%2Cpainting?lock=700088,https://picsum.photos/seed/tjc-art-00088-g1/1200/1200.jpg|https://picsum.photos/seed/tjc-art-00088-g2/1200/1200.jpg,,,,,,,,,,
,Birchgrove Atelier Bedside Lamp Mark II № 0089,birchgrove-atelier-bedside-lamp-mark-ii-no-0089,physical,publish,"Built around what you actually use, Solid brass body with a hand-cut linen drum shade. Inline dimmer, dimmable LED bulb (CRI 95, 2700K) included, and a 2m fabric-wrapped cord with EU/US/UK plug options. Independently lab-tested for safety and durability.",Solid-brass lamp with CRI 95 dimmable LED.,TJC-LTG-00089,62.42,,29,instock,1,3.73,40,30,50,,,,,1,,,visible,"Home & Kitchen, Lighting","lighting, lamp, home",Birchgrove,https://loremflickr.com/1200/1200/lamp%2Clighting%2Cinterior?lock=700089,https://picsum.photos/seed/tjc-ltg-00089-g1/1200/1200.jpg|https://picsum.photos/seed/tjc-ltg-00089-g2/1200/1200.jpg|https://picsum.photos/seed/tjc-ltg-00089-g3/1200/1200.jpg,,,,,,,,,,
,Atlas Straight Selvedge Jeans S-0090,atlas-straight-selvedge-jeans-s-0090,physical,publish,"A studio-tested favourite, Constructed from a linen-cotton blend with a comfortable relaxed fit. Five-pocket styling, sturdy YKK hardware, and a back-yoke design that holds its shape through years of wear. Backed by a two-year warranty.",relaxed fit jeans with sturdy YKK hardware.,TJC-MNB-00090,222.61,,74,instock,1,0.82,32,25,3,,,1,,1,,,visible,"Clothing, Men","mens, apparel, bottom",Coastline,https://loremflickr.com/1200/1200/mens%2Cjeans%2Cpants?lock=700090,https://picsum.photos/seed/tjc-mnb-00090-g1/1200/1200.jpg|https://picsum.photos/seed/tjc-mnb-00090-g2/1200/1200.jpg|https://picsum.photos/seed/tjc-mnb-00090-g3/1200/1200.jpg|https://picsum.photos/seed/tjc-mnb-00090-g4/1200/1200.jpg|https://picsum.photos/seed/tjc-mnb-00090-g5/1200/1200.jpg,,,,,,,,,,
,"Nimbus Pad 13"" Tablet Series 0091",nimbus-pad-13-tablet-series-0091,physical,publish,"Made for everyday performance, 13-inch laminated display with 120Hz adaptive refresh, 512GB of storage, and stylus support with 4096 pressure levels. Stereo quad speakers tuned by Vega Audio, a 12MP wide front camera with auto-framing, and up to 14 hours of mixed-use battery life. Designed in-house and made to last.","13"" 120Hz tablet with stylus support and 512GB storage.",TJC-PC-TB-00091,1130.27,,102,instock,1,0.62,25,18,0.7,,fragile,,,1,,,visible,"Electronics, Tablets","tablet, stylus, android",Borealis,https://loremflickr.com/1200/1200/tablet%2Ccomputer?lock=700091,https://picsum.photos/seed/tjc-pc-tb-00091-g1/1200/1200.jpg|https://picsum.photos/seed/tjc-pc-tb-00091-g2/1200/1200.jpg|https://picsum.photos/seed/tjc-pc-tb-00091-g3/1200/1200.jpg|https://picsum.photos/seed/tjc-pc-tb-00091-g4/1200/1200.jpg|https://picsum.photos/seed/tjc-pc-tb-00091-g5/1200/1200.jpg,,,,,,,,,,
,Verdant Pantry Single-Estate Manuka Honey 250g Model 0092,verdant-pantry-single-estate-manuka-honey-250g-model-0092,physical,publish,"Engineered for daily use, Cold-pressed extra-virgin olive oil from a single estate in Puglia. Harvested October, milled within 6 hours, and bottled in dark glass to preserve polyphenols. 30-day no-questions returns.",Cold-pressed single-estate Puglian EVOO.,TJC-PTR-00092,88.91,,66,instock,1,0.32,9,9,30,,,,,1,,,visible,"Food, Pantry","pantry, olive-oil, specialty, food",Borealis Beans,https://loremflickr.com/1200/1200/olive%2Coil%2Cpantry%2Cfood?lock=700092,https://picsum.photos/seed/tjc-ptr-00092-g1/1200/1200.jpg|https://picsum.photos/seed/tjc-ptr-00092-g2/1200/1200.jpg|https://picsum.photos/seed/tjc-ptr-00092-g3/1200/1200.jpg,,,,,,,,,,
,Quark Pro Smartphone Edge Ref. 00093,quark-pro-smartphone-edge-ref-00093,physical,publish,"Crafted with care, 6.8-inch AMOLED display at 120Hz with always-on mode. 2TB on-board storage, 32GB RAM, and a triple-camera system: 12MP main, ultra-wide and 3× telephoto with optical image stabilisation. 5G mmWave + sub-6, Wi-Fi 7, and 4000mAh battery with 67W fast wired and 10W wireless charging. Independently lab-tested for safety and durability.",6.8-inch 120Hz 5G smartphone with triple camera.,TJC-PHN-00093,333.94,,0,outofstock,1,0.2,16,7.6,0.85,,,,,1,,,visible,"Electronics, Smartphones","smartphone, 5g, android, phone",Nimbus,https://loremflickr.com/1200/1200/smartphone?lock=700093,https://picsum.photos/seed/tjc-phn-00093-g1/1200/1200.jpg|https://picsum.photos/seed/tjc-phn-00093-g2/1200/1200.jpg|https://picsum.photos/seed/tjc-phn-00093-g3/1200/1200.jpg,,,,,,,,,,
,Atlas Travel Crossbody Bag Mk 0094,atlas-travel-crossbody-bag-mk-0094,physical,publish,"Made for everyday performance, 44L capacity in a weather-resistant 1000D recycled-poly shell with a padded 16-inch laptop sleeve. Lockable YKK zips, magnetic shoulder-strap routing, and a quick-grab top handle. Independently lab-tested for safety and durability.","44L commuter bag with 16"" laptop sleeve.",TJC-BAG-00094,57.1,,160,instock,1,1.09,45,30,14,,,,,1,,,visible,"Accessories, Bags","bag, backpack, commuter",Northland Apparel,https://loremflickr.com/1200/1200/leather%2Cbackpack%2Cbag?lock=700094,https://picsum.photos/seed/tjc-bag-00094-g1/1200/1200.jpg|https://picsum.photos/seed/tjc-bag-00094-g2/1200/1200.jpg,,,,,,,,,,
,Nimbus Mirrorless Cinema Camera № 0095,nimbus-mirrorless-cinema-camera-no-0095,physical,publish,"Made for everyday performance, 48MP back-illuminated sensor with 5-axis in-body image stabilisation. 4K 30p video with 10-bit 4:2:2 internal recording, dual UHS-II SD slots, weather-sealed magnesium-alloy body, and a 3.0-inch vari-angle touchscreen. Designed in-house and made to last.",48MP mirrorless body with 4K 30p video and IBIS.,TJC-CAM-00095,2579.82,1885.25,219,instock,1,0.71,14,10,8,,fragile,,,1,,,visible,"Electronics, Cameras","camera, mirrorless, photography",Pulse Electronics,https://loremflickr.com/1200/1200/camera%2Cdslr%2Cmirrorless?lock=700095,https://picsum.photos/seed/tjc-cam-00095-g1/1200/1200.jpg|https://picsum.photos/seed/tjc-cam-00095-g2/1200/1200.jpg|https://picsum.photos/seed/tjc-cam-00095-g3/1200/1200.jpg,,,,,,,,,,
,Chrono Atelier Diver Chronograph S-0096,chrono-atelier-diver-chronograph-s-0096,physical,publish,"A studio-tested favourite, Sapphire-crystal 38mm case with an exhibition caseback showing the in-house automatic movement. 200m water resistance, Super-LumiNova C3 indices, and a screw-down crown. Independently lab-tested for safety and durability.",38mm sapphire-crystal automatic watch.,TJC-WTC-00096,1470.85,,255,instock,1,0.12,4.5,4.5,1.3,,fragile,,,1,,,visible,"Accessories, Watches","watch, watches, automatic, timepiece",Halden,https://loremflickr.com/1200/1200/wristwatch%2Cluxury%2Cwatch?lock=700096,https://picsum.photos/seed/tjc-wtc-00096-g1/1200/1200.jpg|https://picsum.photos/seed/tjc-wtc-00096-g2/1200/1200.jpg|https://picsum.photos/seed/tjc-wtc-00096-g3/1200/1200.jpg,,,,,,,,,,
,Hedgerow & Stone Studio Pruning Shears Studio Series 0097,hedgerow-and-stone-studio-pruning-shears-studio-series-0097,physical,publish,"Made for everyday performance, Forged from a single piece of stainless steel with a polished FSC ash handle. Lifetime sharpening service. Designed in-house and made to last.",Forged stainless garden tool with FSC ash handle.,TJC-GOU-00097,108.44,,200,instock,1,8.26,90,30,20,,,,,1,,,visible,"Garden, Outdoor","garden, outdoor, tool",Greenroot,https://loremflickr.com/1200/1200/garden%2Ctool%2Coutdoor?lock=700097,https://picsum.photos/seed/tjc-gou-00097-g1/1200/1200.jpg|https://picsum.photos/seed/tjc-gou-00097-g2/1200/1200.jpg,,,,,,,,,,
,Coastline Blouse Merino Sweater Mark III Model 0098,coastline-blouse-merino-sweater-mark-iii-model-0098,physical,publish,"Engineered for daily use, organic cotton cut in a oversized silhouette with a soft hand-feel and a drape that flatters. Designed in our studio and produced in a Fair-Wear-certified facility. Backed by a two-year warranty.",organic cotton sweater in a oversized.,TJC-WMT-00098,57.73,,198,instock,1,0.52,28,22,2,,,,,1,,,visible,"Clothing, Women","womens, apparel, top",Meridian Wear,https://loremflickr.com/1200/1200/womens%2Cblouse%2Cshirt%2Capparel?lock=700098,https://picsum.photos/seed/tjc-wmt-00098-g1/1200/1200.jpg|https://picsum.photos/seed/tjc-wmt-00098-g2/1200/1200.jpg|https://picsum.photos/seed/tjc-wmt-00098-g3/1200/1200.jpg|https://picsum.photos/seed/tjc-wmt-00098-g4/1200/1200.jpg,,,,,,,,,,
,Hearth Studio Drip Coffee Maker Limited Edition Ref. 00099,hearth-studio-drip-coffee-maker-limited-edition-ref-00099,physical,publish,"Made for everyday performance, Commercial-grade thermoblock, 58mm portafilter, PID temperature control to ±1°C, and a pre-infusion stage tuned for medium-roast espresso. Stainless-steel build with a removable 2L water tank and integrated steam wand. Independently lab-tested for safety and durability.",PID-controlled espresso machine with 58mm portafilter.,TJC-KAP-00099,1248.18,960.92,159,instock,1,4.55,36,30,35,,bulky,,,1,,,visible,"Home & Kitchen, Appliances","appliance, kitchen, espresso",Cedar & Oak,https://loremflickr.com/1200/1200/kitchen%2Cappliance%2Cespresso?lock=700099,https://picsum.photos/seed/tjc-kap-00099-g1/1200/1200.jpg|https://picsum.photos/seed/tjc-kap-00099-g2/1200/1200.jpg|https://picsum.photos/seed/tjc-kap-00099-g3/1200/1200.jpg|https://picsum.photos/seed/tjc-kap-00099-g4/1200/1200.jpg|https://picsum.photos/seed/tjc-kap-00099-g5/1200/1200.jpg,,,,,,,,,,
,Trailwise Tempo Compression Tights Mark II Mk 0100,trailwise-tempo-compression-tights-mark-ii-mk-0100,physical,publish,"Engineered for daily use, Lightweight, breathable construction with reflective detailing and a no-bounce phone pocket. Designed with input from elite ultra-runners. Ships in 100% recyclable packaging.",Lightweight reflective running gear.,TJC-RUN-00100,108.22,,151,instock,1,0.17,30,22,12,,,1,,1,,,visible,"Sports, Running","running, athletic, sports",Summit Gear,https://loremflickr.com/1200/1200/running%2Cshoes%2Cathletic?lock=700100,https://picsum.photos/seed/tjc-run-00100-g1/1200/1200.jpg|https://picsum.photos/seed/tjc-run-00100-g2/1200/1200.jpg|https://picsum.photos/seed/tjc-run-00100-g3/1200/1200.jpg,,,,,,,,,,
